run_id,variable,name,row,col,neff
0001-2024cpueExPrior_0-bspm_estF,raw_logK,raw_logK,,,1.00346186171613
0001-2024cpueExPrior_0-bspm_estF,raw_logr,raw_logr,,,1.04785218996135
0001-2024cpueExPrior_0-bspm_estF,raw_logsigmap,raw_logsigmap,,,0.913868356538481
0001-2024cpueExPrior_0-bspm_estF,raw_sigmao_add,raw_sigmao_add,,,1.02210994418212
0001-2024cpueExPrior_0-bspm_estF,raw_epsp[1],raw_epsp,1,,0.979382208097323
0001-2024cpueExPrior_0-bspm_estF,raw_epsp[2],raw_epsp,2,,0.796419316710774
0001-2024cpueExPrior_0-bspm_estF,raw_epsp[3],raw_epsp,3,,0.932350054289005
0001-2024cpueExPrior_0-bspm_estF,raw_epsp[4],raw_epsp,4,,1.0237193618539
0001-2024cpueExPrior_0-bspm_estF,raw_epsp[5],raw_epsp,5,,0.996637235169939
0001-2024cpueExPrior_0-bspm_estF,raw_epsp[6],raw_epsp,6,,1.06086045863745
0001-2024cpueExPrior_0-bspm_estF,raw_epsp[7],raw_epsp,7,,0.923744184138969
0001-2024cpueExPrior_0-bspm_estF,raw_epsp[8],raw_epsp,8,,0.953692024087222
0001-2024cpueExPrior_0-bspm_estF,raw_epsp[9],raw_epsp,9,,1.02529068464833
0001-2024cpueExPrior_0-bspm_estF,raw_epsp[10],raw_epsp,10,,1.10069473014116
0001-2024cpueExPrior_0-bspm_estF,raw_epsp[11],raw_epsp,11,,0.869087106068222
0001-2024cpueExPrior_0-bspm_estF,raw_epsp[12],raw_epsp,12,,0.904021570247573
0001-2024cpueExPrior_0-bspm_estF,raw_epsp[13],raw_epsp,13,,1.05043025006387
0001-2024cpueExPrior_0-bspm_estF,raw_epsp[14],raw_epsp,14,,0.748459451683581
0001-2024cpueExPrior_0-bspm_estF,raw_epsp[15],raw_epsp,15,,0.944873955950413
0001-2024cpueExPrior_0-bspm_estF,raw_epsp[16],raw_epsp,16,,1.03291179491517
0001-2024cpueExPrior_0-bspm_estF,raw_epsp[17],raw_epsp,17,,0.975365549482828
0001-2024cpueExPrior_0-bspm_estF,raw_epsp[18],raw_epsp,18,,0.954353414848661
0001-2024cpueExPrior_0-bspm_estF,raw_epsp[19],raw_epsp,19,,1.00624062226817
0001-2024cpueExPrior_0-bspm_estF,raw_epsp[20],raw_epsp,20,,0.971637135135434
0001-2024cpueExPrior_0-bspm_estF,raw_epsp[21],raw_epsp,21,,0.997734977697169
0001-2024cpueExPrior_0-bspm_estF,raw_epsp[22],raw_epsp,22,,0.943664121294793
0001-2024cpueExPrior_0-bspm_estF,raw_epsp[23],raw_epsp,23,,0.967015417511774
0001-2024cpueExPrior_0-bspm_estF,raw_epsp[24],raw_epsp,24,,1.00246146499781
0001-2024cpueExPrior_0-bspm_estF,raw_epsp[25],raw_epsp,25,,0.998323971270135
0001-2024cpueExPrior_0-bspm_estF,raw_epsp[26],raw_epsp,26,,1.06470508280075
0001-2024cpueExPrior_0-bspm_estF,raw_epsp[27],raw_epsp,27,,1.03669032396474
0001-2024cpueExPrior_0-bspm_estF,raw_epsp[28],raw_epsp,28,,1.02694145511944
0001-2024cpueExPrior_0-bspm_estF,raw_epsp[29],raw_epsp,29,,0.932081735164886
0001-2024cpueExPrior_0-bspm_estF,raw_epsp[30],raw_epsp,30,,0.943960321238952
0001-2024cpueExPrior_0-bspm_estF,raw_epsp[31],raw_epsp,31,,1.03623822969013
0001-2024cpueExPrior_0-bspm_estF,raw_epsp[32],raw_epsp,32,,0.878146726951083
0001-2024cpueExPrior_0-bspm_estF,raw_epsp[33],raw_epsp,33,,0.932993392430935
0001-2024cpueExPrior_0-bspm_estF,raw_epsp[34],raw_epsp,34,,0.92707845355808
0001-2024cpueExPrior_0-bspm_estF,raw_epsp[35],raw_epsp,35,,1.04555787588324
0001-2024cpueExPrior_0-bspm_estF,raw_epsp[36],raw_epsp,36,,1.0494857566892
0001-2024cpueExPrior_0-bspm_estF,raw_epsp[37],raw_epsp,37,,1.00724827850205
0001-2024cpueExPrior_0-bspm_estF,raw_epsp[38],raw_epsp,38,,0.980018713989283
0001-2024cpueExPrior_0-bspm_estF,raw_epsp[39],raw_epsp,39,,0.937659581899188
0001-2024cpueExPrior_0-bspm_estF,raw_epsp[40],raw_epsp,40,,0.995492167240771
0001-2024cpueExPrior_0-bspm_estF,raw_epsp[41],raw_epsp,41,,1.22301348955133
0001-2024cpueExPrior_0-bspm_estF,raw_epsp[42],raw_epsp,42,,0.947738610319755
0001-2024cpueExPrior_0-bspm_estF,raw_epsp[43],raw_epsp,43,,0.989077178221313
0001-2024cpueExPrior_0-bspm_estF,raw_epsp[44],raw_epsp,44,,0.997593362528667
0001-2024cpueExPrior_0-bspm_estF,raw_epsp[45],raw_epsp,45,,0.955499903505575
0001-2024cpueExPrior_0-bspm_estF,raw_epsp[46],raw_epsp,46,,1.11751996958502
0001-2024cpueExPrior_0-bspm_estF,raw_epsp[47],raw_epsp,47,,1.03435751115766
0001-2024cpueExPrior_0-bspm_estF,raw_epsp[48],raw_epsp,48,,0.923944291751381
0001-2024cpueExPrior_0-bspm_estF,raw_epsp[49],raw_epsp,49,,0.992096929115646
0001-2024cpueExPrior_0-bspm_estF,raw_epsp[50],raw_epsp,50,,0.944804451588311
0001-2024cpueExPrior_0-bspm_estF,raw_epsp[51],raw_epsp,51,,1.01810057591357
0001-2024cpueExPrior_0-bspm_estF,raw_epsp[52],raw_epsp,52,,1.09810166853209
0001-2024cpueExPrior_0-bspm_estF,raw_epsp[53],raw_epsp,53,,0.823345579169455
0001-2024cpueExPrior_0-bspm_estF,raw_epsp[54],raw_epsp,54,,0.984483083660534
0001-2024cpueExPrior_0-bspm_estF,raw_epsp[55],raw_epsp,55,,1.09293405562249
0001-2024cpueExPrior_0-bspm_estF,raw_epsp[56],raw_epsp,56,,1.08231492678142
0001-2024cpueExPrior_0-bspm_estF,raw_epsp[57],raw_epsp,57,,1.16032461896636
0001-2024cpueExPrior_0-bspm_estF,raw_epsp[58],raw_epsp,58,,0.912796744155984
0001-2024cpueExPrior_0-bspm_estF,raw_epsp[59],raw_epsp,59,,0.729030568674754
0001-2024cpueExPrior_0-bspm_estF,raw_epsp[60],raw_epsp,60,,1.00451495613637
0001-2024cpueExPrior_0-bspm_estF,raw_epsp[61],raw_epsp,61,,0.922203133231859
0001-2024cpueExPrior_0-bspm_estF,raw_epsp[62],raw_epsp,62,,0.951051430556735
0001-2024cpueExPrior_0-bspm_estF,raw_epsp[63],raw_epsp,63,,1.26295082409151
0001-2024cpueExPrior_0-bspm_estF,raw_epsp[64],raw_epsp,64,,1.03263649865075
0001-2024cpueExPrior_0-bspm_estF,raw_epsp[65],raw_epsp,65,,1.09661124422346
0001-2024cpueExPrior_0-bspm_estF,raw_epsp[66],raw_epsp,66,,0.858955743491672
0001-2024cpueExPrior_0-bspm_estF,raw_epsp[67],raw_epsp,67,,0.92163004495809
0001-2024cpueExPrior_0-bspm_estF,raw_epsp[68],raw_epsp,68,,0.928944770884032
0001-2024cpueExPrior_0-bspm_estF,raw_epsp[69],raw_epsp,69,,0.858025258925547
0001-2024cpueExPrior_0-bspm_estF,raw_epsp[70],raw_epsp,70,,0.953078630296715
0001-2024cpueExPrior_0-bspm_estF,raw_epsp[71],raw_epsp,71,,0.983529320746647
0001-2024cpueExPrior_0-bspm_estF,raw_logshape,raw_logshape,,,1.12525797469094
0001-2024cpueExPrior_0-bspm_estF,raw_sigmaf,raw_sigmaf,,,1.10160213713708
0001-2024cpueExPrior_0-bspm_estF,raw_F[1],raw_F,1,,1.04487397087359
0001-2024cpueExPrior_0-bspm_estF,raw_F[2],raw_F,2,,0.998434675266028
0001-2024cpueExPrior_0-bspm_estF,raw_F[3],raw_F,3,,0.929782518518281
0001-2024cpueExPrior_0-bspm_estF,raw_F[4],raw_F,4,,0.894449618095962
0001-2024cpueExPrior_0-bspm_estF,raw_F[5],raw_F,5,,1.17157031210472
0001-2024cpueExPrior_0-bspm_estF,raw_F[6],raw_F,6,,0.865641581699171
0001-2024cpueExPrior_0-bspm_estF,raw_F[7],raw_F,7,,1.03069960412161
0001-2024cpueExPrior_0-bspm_estF,raw_F[8],raw_F,8,,0.996140399288192
0001-2024cpueExPrior_0-bspm_estF,raw_F[9],raw_F,9,,0.841543469040314
0001-2024cpueExPrior_0-bspm_estF,raw_F[10],raw_F,10,,1.0022532308771
0001-2024cpueExPrior_0-bspm_estF,raw_F[11],raw_F,11,,1.07652433168011
0001-2024cpueExPrior_0-bspm_estF,raw_F[12],raw_F,12,,0.957170626293145
0001-2024cpueExPrior_0-bspm_estF,raw_F[13],raw_F,13,,0.898566309475873
0001-2024cpueExPrior_0-bspm_estF,raw_F[14],raw_F,14,,0.980898364090622
0001-2024cpueExPrior_0-bspm_estF,raw_F[15],raw_F,15,,0.976282142448275
0001-2024cpueExPrior_0-bspm_estF,raw_F[16],raw_F,16,,0.912885371165956
0001-2024cpueExPrior_0-bspm_estF,raw_F[17],raw_F,17,,1.15774019989109
0001-2024cpueExPrior_0-bspm_estF,raw_F[18],raw_F,18,,0.924136995031519
0001-2024cpueExPrior_0-bspm_estF,raw_F[19],raw_F,19,,1.07391257509365
0001-2024cpueExPrior_0-bspm_estF,raw_F[20],raw_F,20,,0.907308989621391
0001-2024cpueExPrior_0-bspm_estF,raw_F[21],raw_F,21,,1.05415791180896
0001-2024cpueExPrior_0-bspm_estF,raw_F[22],raw_F,22,,1.0930090930625
0001-2024cpueExPrior_0-bspm_estF,raw_F[23],raw_F,23,,0.923265326148238
0001-2024cpueExPrior_0-bspm_estF,raw_F[24],raw_F,24,,0.654311885422414
0001-2024cpueExPrior_0-bspm_estF,raw_F[25],raw_F,25,,1.11920079777006
0001-2024cpueExPrior_0-bspm_estF,raw_F[26],raw_F,26,,1.00416147720707
0001-2024cpueExPrior_0-bspm_estF,raw_F[27],raw_F,27,,1.03490016673025
0001-2024cpueExPrior_0-bspm_estF,raw_F[28],raw_F,28,,0.980437469605861
0001-2024cpueExPrior_0-bspm_estF,raw_F[29],raw_F,29,,1.00655147326968
0001-2024cpueExPrior_0-bspm_estF,raw_F[30],raw_F,30,,0.951202196940679
0001-2024cpueExPrior_0-bspm_estF,raw_F[31],raw_F,31,,1.00511557191615
0001-2024cpueExPrior_0-bspm_estF,raw_F[32],raw_F,32,,1.03777252863826
0001-2024cpueExPrior_0-bspm_estF,raw_F[33],raw_F,33,,1.01021431940199
0001-2024cpueExPrior_0-bspm_estF,raw_F[34],raw_F,34,,1.01981856283309
0001-2024cpueExPrior_0-bspm_estF,raw_F[35],raw_F,35,,0.872669912685045
0001-2024cpueExPrior_0-bspm_estF,raw_F[36],raw_F,36,,1.165295330759
0001-2024cpueExPrior_0-bspm_estF,raw_F[37],raw_F,37,,0.763483570654504
0001-2024cpueExPrior_0-bspm_estF,raw_F[38],raw_F,38,,1.0853603061883
0001-2024cpueExPrior_0-bspm_estF,raw_F[39],raw_F,39,,1.02984522134952
0001-2024cpueExPrior_0-bspm_estF,raw_F[40],raw_F,40,,1.01774913982798
0001-2024cpueExPrior_0-bspm_estF,raw_F[41],raw_F,41,,0.97052665045885
0001-2024cpueExPrior_0-bspm_estF,raw_F[42],raw_F,42,,0.913381910032292
0001-2024cpueExPrior_0-bspm_estF,raw_F[43],raw_F,43,,0.959155830274819
0001-2024cpueExPrior_0-bspm_estF,raw_F[44],raw_F,44,,0.9620350568238
0001-2024cpueExPrior_0-bspm_estF,raw_F[45],raw_F,45,,0.964033025414284
0001-2024cpueExPrior_0-bspm_estF,raw_F[46],raw_F,46,,0.980810805102941
0001-2024cpueExPrior_0-bspm_estF,raw_F[47],raw_F,47,,0.958562806548819
0001-2024cpueExPrior_0-bspm_estF,raw_F[48],raw_F,48,,0.899604315427107
0001-2024cpueExPrior_0-bspm_estF,raw_F[49],raw_F,49,,0.856446500862018
0001-2024cpueExPrior_0-bspm_estF,raw_F[50],raw_F,50,,0.905704861590185
0001-2024cpueExPrior_0-bspm_estF,raw_F[51],raw_F,51,,0.938610431802191
0001-2024cpueExPrior_0-bspm_estF,raw_F[52],raw_F,52,,0.832346121937053
0001-2024cpueExPrior_0-bspm_estF,raw_F[53],raw_F,53,,1.04261240873546
0001-2024cpueExPrior_0-bspm_estF,raw_F[54],raw_F,54,,1.00170822445289
0001-2024cpueExPrior_0-bspm_estF,raw_F[55],raw_F,55,,0.870094718776152
0001-2024cpueExPrior_0-bspm_estF,raw_F[56],raw_F,56,,1.10270548251986
0001-2024cpueExPrior_0-bspm_estF,raw_F[57],raw_F,57,,0.963980756070448
0001-2024cpueExPrior_0-bspm_estF,raw_F[58],raw_F,58,,1.08570708694703
0001-2024cpueExPrior_0-bspm_estF,raw_F[59],raw_F,59,,0.805160593478829
0001-2024cpueExPrior_0-bspm_estF,raw_F[60],raw_F,60,,0.948565080379146
0001-2024cpueExPrior_0-bspm_estF,raw_F[61],raw_F,61,,1.0119825978507
0001-2024cpueExPrior_0-bspm_estF,raw_F[62],raw_F,62,,0.945462347016792
0001-2024cpueExPrior_0-bspm_estF,raw_F[63],raw_F,63,,1.00819081859911
0001-2024cpueExPrior_0-bspm_estF,raw_F[64],raw_F,64,,0.920372256720633
0001-2024cpueExPrior_0-bspm_estF,raw_F[65],raw_F,65,,1.09054639131538
0001-2024cpueExPrior_0-bspm_estF,raw_F[66],raw_F,66,,1.0416299633979
0001-2024cpueExPrior_0-bspm_estF,raw_F[67],raw_F,67,,0.706187112389639
0001-2024cpueExPrior_0-bspm_estF,raw_F[68],raw_F,68,,0.836669175337829
0001-2024cpueExPrior_0-bspm_estF,raw_F[69],raw_F,69,,0.97958882760953
0001-2024cpueExPrior_0-bspm_estF,raw_F[70],raw_F,70,,0.919556075250326
0001-2024cpueExPrior_0-bspm_estF,logK,logK,,,1.00346186171613
0001-2024cpueExPrior_0-bspm_estF,r,r,,,1.02058178550034
0001-2024cpueExPrior_0-bspm_estF,epsp[1],epsp,1,,0.925440803808147
0001-2024cpueExPrior_0-bspm_estF,epsp[2],epsp,2,,0.777794071923879
0001-2024cpueExPrior_0-bspm_estF,epsp[3],epsp,3,,0.960553593059154
0001-2024cpueExPrior_0-bspm_estF,epsp[4],epsp,4,,1.02085583840721
0001-2024cpueExPrior_0-bspm_estF,epsp[5],epsp,5,,1.02653937453937
0001-2024cpueExPrior_0-bspm_estF,epsp[6],epsp,6,,1.06970853962828
0001-2024cpueExPrior_0-bspm_estF,epsp[7],epsp,7,,0.900471620111181
0001-2024cpueExPrior_0-bspm_estF,epsp[8],epsp,8,,1.02263317954546
0001-2024cpueExPrior_0-bspm_estF,epsp[9],epsp,9,,1.02845040329924
0001-2024cpueExPrior_0-bspm_estF,epsp[10],epsp,10,,1.09805254499721
0001-2024cpueExPrior_0-bspm_estF,epsp[11],epsp,11,,0.861280368036181
0001-2024cpueExPrior_0-bspm_estF,epsp[12],epsp,12,,0.919127258594663
0001-2024cpueExPrior_0-bspm_estF,epsp[13],epsp,13,,0.991932580071847
0001-2024cpueExPrior_0-bspm_estF,epsp[14],epsp,14,,0.77337559633696
0001-2024cpueExPrior_0-bspm_estF,epsp[15],epsp,15,,0.967801381545351
0001-2024cpueExPrior_0-bspm_estF,epsp[16],epsp,16,,1.03021890004228
0001-2024cpueExPrior_0-bspm_estF,epsp[17],epsp,17,,0.965308187158848
0001-2024cpueExPrior_0-bspm_estF,epsp[18],epsp,18,,0.924059229598647
0001-2024cpueExPrior_0-bspm_estF,epsp[19],epsp,19,,1.00855723246737
0001-2024cpueExPrior_0-bspm_estF,epsp[20],epsp,20,,0.995360423028102
0001-2024cpueExPrior_0-bspm_estF,epsp[21],epsp,21,,1.02494295830253
0001-2024cpueExPrior_0-bspm_estF,epsp[22],epsp,22,,0.947159754203201
0001-2024cpueExPrior_0-bspm_estF,epsp[23],epsp,23,,0.952045200878426
0001-2024cpueExPrior_0-bspm_estF,epsp[24],epsp,24,,0.981081798570193
0001-2024cpueExPrior_0-bspm_estF,epsp[25],epsp,25,,0.986939407153826
0001-2024cpueExPrior_0-bspm_estF,epsp[26],epsp,26,,1.03329846226811
0001-2024cpueExPrior_0-bspm_estF,epsp[27],epsp,27,,1.01447354443611
0001-2024cpueExPrior_0-bspm_estF,epsp[28],epsp,28,,1.0306468834883
0001-2024cpueExPrior_0-bspm_estF,epsp[29],epsp,29,,0.952270453117603
0001-2024cpueExPrior_0-bspm_estF,epsp[30],epsp,30,,0.974132132654585
0001-2024cpueExPrior_0-bspm_estF,epsp[31],epsp,31,,0.999287118057599
0001-2024cpueExPrior_0-bspm_estF,epsp[32],epsp,32,,0.850564131936438
0001-2024cpueExPrior_0-bspm_estF,epsp[33],epsp,33,,0.941363766861503
0001-2024cpueExPrior_0-bspm_estF,epsp[34],epsp,34,,0.888887691022567
0001-2024cpueExPrior_0-bspm_estF,epsp[35],epsp,35,,1.06232385471851
0001-2024cpueExPrior_0-bspm_estF,epsp[36],epsp,36,,1.03460787627356
0001-2024cpueExPrior_0-bspm_estF,epsp[37],epsp,37,,1.03943630488541
0001-2024cpueExPrior_0-bspm_estF,epsp[38],epsp,38,,1.00618793189699
0001-2024cpueExPrior_0-bspm_estF,epsp[39],epsp,39,,0.98639459908114
0001-2024cpueExPrior_0-bspm_estF,epsp[40],epsp,40,,1.06059139431828
0001-2024cpueExPrior_0-bspm_estF,epsp[41],epsp,41,,1.21816455696689
0001-2024cpueExPrior_0-bspm_estF,epsp[42],epsp,42,,0.927409720107279
0001-2024cpueExPrior_0-bspm_estF,epsp[43],epsp,43,,1.01626850791057
0001-2024cpueExPrior_0-bspm_estF,epsp[44],epsp,44,,1.01562066194338
0001-2024cpueExPrior_0-bspm_estF,epsp[45],epsp,45,,0.956569951682385
0001-2024cpueExPrior_0-bspm_estF,epsp[46],epsp,46,,1.07879014212011
0001-2024cpueExPrior_0-bspm_estF,epsp[47],epsp,47,,0.973124414683327
0001-2024cpueExPrior_0-bspm_estF,epsp[48],epsp,48,,0.90669100634622
0001-2024cpueExPrior_0-bspm_estF,epsp[49],epsp,49,,0.945430381621305
0001-2024cpueExPrior_0-bspm_estF,epsp[50],epsp,50,,0.909458581773652
0001-2024cpueExPrior_0-bspm_estF,epsp[51],epsp,51,,0.98813186809826
0001-2024cpueExPrior_0-bspm_estF,epsp[52],epsp,52,,1.1053511637263
0001-2024cpueExPrior_0-bspm_estF,epsp[53],epsp,53,,0.842582312688847
0001-2024cpueExPrior_0-bspm_estF,epsp[54],epsp,54,,1.0208624485051
0001-2024cpueExPrior_0-bspm_estF,epsp[55],epsp,55,,1.09075380268029
0001-2024cpueExPrior_0-bspm_estF,epsp[56],epsp,56,,1.05139993095701
0001-2024cpueExPrior_0-bspm_estF,epsp[57],epsp,57,,1.16606997056734
0001-2024cpueExPrior_0-bspm_estF,epsp[58],epsp,58,,1.0005903703614
0001-2024cpueExPrior_0-bspm_estF,epsp[59],epsp,59,,0.74442510308442
0001-2024cpueExPrior_0-bspm_estF,epsp[60],epsp,60,,0.984164013829155
0001-2024cpueExPrior_0-bspm_estF,epsp[61],epsp,61,,0.946717881434682
0001-2024cpueExPrior_0-bspm_estF,epsp[62],epsp,62,,0.964860893339174
0001-2024cpueExPrior_0-bspm_estF,epsp[63],epsp,63,,1.2623000788295
0001-2024cpueExPrior_0-bspm_estF,epsp[64],epsp,64,,1.01635606136013
0001-2024cpueExPrior_0-bspm_estF,epsp[65],epsp,65,,1.09829125081355
0001-2024cpueExPrior_0-bspm_estF,epsp[66],epsp,66,,0.902327876512721
0001-2024cpueExPrior_0-bspm_estF,epsp[67],epsp,67,,1.03424416192741
0001-2024cpueExPrior_0-bspm_estF,epsp[68],epsp,68,,0.956356890283535
0001-2024cpueExPrior_0-bspm_estF,epsp[69],epsp,69,,0.842721417940608
0001-2024cpueExPrior_0-bspm_estF,epsp[70],epsp,70,,0.94026225353743
0001-2024cpueExPrior_0-bspm_estF,epsp[71],epsp,71,,1.02668906803727
0001-2024cpueExPrior_0-bspm_estF,sigmap,sigmap,,,0.930266639408997
0001-2024cpueExPrior_0-bspm_estF,shape,shape,,,1.13322244477489
0001-2024cpueExPrior_0-bspm_estF,sigmaf,sigmaf,,,1.10160213713708
0001-2024cpueExPrior_0-bspm_estF,F[1],F,1,,0.997636653678493
0001-2024cpueExPrior_0-bspm_estF,F[2],F,2,,0.935799350113515
0001-2024cpueExPrior_0-bspm_estF,F[3],F,3,,0.933736489919143
0001-2024cpueExPrior_0-bspm_estF,F[4],F,4,,1.07670763373058
0001-2024cpueExPrior_0-bspm_estF,F[5],F,5,,1.02725737481506
0001-2024cpueExPrior_0-bspm_estF,F[6],F,6,,0.842863489725593
0001-2024cpueExPrior_0-bspm_estF,F[7],F,7,,1.06601049674377
0001-2024cpueExPrior_0-bspm_estF,F[8],F,8,,0.950449812851151
0001-2024cpueExPrior_0-bspm_estF,F[9],F,9,,1.04791904261338
0001-2024cpueExPrior_0-bspm_estF,F[10],F,10,,0.880377285876192
0001-2024cpueExPrior_0-bspm_estF,F[11],F,11,,1.15043861413698
0001-2024cpueExPrior_0-bspm_estF,F[12],F,12,,0.891832411810116
0001-2024cpueExPrior_0-bspm_estF,F[13],F,13,,0.925372351837893
0001-2024cpueExPrior_0-bspm_estF,F[14],F,14,,1.00067534892824
0001-2024cpueExPrior_0-bspm_estF,F[15],F,15,,0.993425588980414
0001-2024cpueExPrior_0-bspm_estF,F[16],F,16,,0.956648716328946
0001-2024cpueExPrior_0-bspm_estF,F[17],F,17,,1.13314091774595
0001-2024cpueExPrior_0-bspm_estF,F[18],F,18,,0.898997088023588
0001-2024cpueExPrior_0-bspm_estF,F[19],F,19,,1.06210119111468
0001-2024cpueExPrior_0-bspm_estF,F[20],F,20,,0.966715734291408
0001-2024cpueExPrior_0-bspm_estF,F[21],F,21,,1.06152757824883
0001-2024cpueExPrior_0-bspm_estF,F[22],F,22,,1.07418888430983
0001-2024cpueExPrior_0-bspm_estF,F[23],F,23,,1.0476168484847
0001-2024cpueExPrior_0-bspm_estF,F[24],F,24,,0.803578453819316
0001-2024cpueExPrior_0-bspm_estF,F[25],F,25,,0.947053208112272
0001-2024cpueExPrior_0-bspm_estF,F[26],F,26,,1.08247756132372
0001-2024cpueExPrior_0-bspm_estF,F[27],F,27,,1.12326977655578
0001-2024cpueExPrior_0-bspm_estF,F[28],F,28,,0.960623369393827
0001-2024cpueExPrior_0-bspm_estF,F[29],F,29,,1.04607167062513
0001-2024cpueExPrior_0-bspm_estF,F[30],F,30,,1.04738813731538
0001-2024cpueExPrior_0-bspm_estF,F[31],F,31,,0.980400725270036
0001-2024cpueExPrior_0-bspm_estF,F[32],F,32,,0.957504140918575
0001-2024cpueExPrior_0-bspm_estF,F[33],F,33,,0.988367986487294
0001-2024cpueExPrior_0-bspm_estF,F[34],F,34,,1.03705532806296
0001-2024cpueExPrior_0-bspm_estF,F[35],F,35,,0.971264364287483
0001-2024cpueExPrior_0-bspm_estF,F[36],F,36,,1.16478786896934
0001-2024cpueExPrior_0-bspm_estF,F[37],F,37,,0.815129734709452
0001-2024cpueExPrior_0-bspm_estF,F[38],F,38,,1.05006586197842
0001-2024cpueExPrior_0-bspm_estF,F[39],F,39,,1.02792037068761
0001-2024cpueExPrior_0-bspm_estF,F[40],F,40,,0.915687432907147
0001-2024cpueExPrior_0-bspm_estF,F[41],F,41,,1.0536575691274
0001-2024cpueExPrior_0-bspm_estF,F[42],F,42,,0.90317385743947
0001-2024cpueExPrior_0-bspm_estF,F[43],F,43,,1.03543803360129
0001-2024cpueExPrior_0-bspm_estF,F[44],F,44,,0.986118968197582
0001-2024cpueExPrior_0-bspm_estF,F[45],F,45,,0.900997188715052
0001-2024cpueExPrior_0-bspm_estF,F[46],F,46,,0.994994268753883
0001-2024cpueExPrior_0-bspm_estF,F[47],F,47,,0.991590903284985
0001-2024cpueExPrior_0-bspm_estF,F[48],F,48,,0.999053650402207
0001-2024cpueExPrior_0-bspm_estF,F[49],F,49,,0.83454900512217
0001-2024cpueExPrior_0-bspm_estF,F[50],F,50,,1.1256364860827
0001-2024cpueExPrior_0-bspm_estF,F[51],F,51,,0.950483905559714
0001-2024cpueExPrior_0-bspm_estF,F[52],F,52,,0.889503960691734
0001-2024cpueExPrior_0-bspm_estF,F[53],F,53,,1.03546288807936
0001-2024cpueExPrior_0-bspm_estF,F[54],F,54,,1.02761969167227
0001-2024cpueExPrior_0-bspm_estF,F[55],F,55,,0.916079493112098
0001-2024cpueExPrior_0-bspm_estF,F[56],F,56,,1.02413331078396
0001-2024cpueExPrior_0-bspm_estF,F[57],F,57,,1.03032907347957
0001-2024cpueExPrior_0-bspm_estF,F[58],F,58,,1.16498645285588
0001-2024cpueExPrior_0-bspm_estF,F[59],F,59,,0.793118919827708
0001-2024cpueExPrior_0-bspm_estF,F[60],F,60,,0.901785811465874
0001-2024cpueExPrior_0-bspm_estF,F[61],F,61,,1.07379554360721
0001-2024cpueExPrior_0-bspm_estF,F[62],F,62,,1.00906931122662
0001-2024cpueExPrior_0-bspm_estF,F[63],F,63,,1.11348168294614
0001-2024cpueExPrior_0-bspm_estF,F[64],F,64,,0.949867258374875
0001-2024cpueExPrior_0-bspm_estF,F[65],F,65,,1.08637232062524
0001-2024cpueExPrior_0-bspm_estF,F[66],F,66,,1.00470213008865
0001-2024cpueExPrior_0-bspm_estF,F[67],F,67,,0.898403955279414
0001-2024cpueExPrior_0-bspm_estF,F[68],F,68,,0.91508300922581
0001-2024cpueExPrior_0-bspm_estF,F[69],F,69,,0.999441992681148
0001-2024cpueExPrior_0-bspm_estF,F[70],F,70,,1.06329323120952
0001-2024cpueExPrior_0-bspm_estF,sigmap2,sigmap2,,,0.969138016668453
0001-2024cpueExPrior_0-bspm_estF,"sigmao[1,1]",sigmao,1,1,1.02210994418212
0001-2024cpueExPrior_0-bspm_estF,"sigmao[1,2]",sigmao,1,2,1.02210994418212
0001-2024cpueExPrior_0-bspm_estF,"sigmao[2,1]",sigmao,2,1,1.02210994418212
0001-2024cpueExPrior_0-bspm_estF,"sigmao[2,2]",sigmao,2,2,1.02210994418212
0001-2024cpueExPrior_0-bspm_estF,"sigmao[3,1]",sigmao,3,1,1.02210994418212
0001-2024cpueExPrior_0-bspm_estF,"sigmao[3,2]",sigmao,3,2,1.02210994418212
0001-2024cpueExPrior_0-bspm_estF,"sigmao[4,1]",sigmao,4,1,1.02210994418212
0001-2024cpueExPrior_0-bspm_estF,"sigmao[4,2]",sigmao,4,2,1.02210994418212
0001-2024cpueExPrior_0-bspm_estF,"sigmao[5,1]",sigmao,5,1,1.02210994418212
0001-2024cpueExPrior_0-bspm_estF,"sigmao[5,2]",sigmao,5,2,1.02210994418212
0001-2024cpueExPrior_0-bspm_estF,"sigmao[6,1]",sigmao,6,1,1.02210994418212
0001-2024cpueExPrior_0-bspm_estF,"sigmao[6,2]",sigmao,6,2,1.02210994418212
0001-2024cpueExPrior_0-bspm_estF,"sigmao[7,1]",sigmao,7,1,1.02210994418212
0001-2024cpueExPrior_0-bspm_estF,"sigmao[7,2]",sigmao,7,2,1.02210994418212
0001-2024cpueExPrior_0-bspm_estF,"sigmao[8,1]",sigmao,8,1,1.02210994418212
0001-2024cpueExPrior_0-bspm_estF,"sigmao[8,2]",sigmao,8,2,1.02210994418212
0001-2024cpueExPrior_0-bspm_estF,"sigmao[9,1]",sigmao,9,1,1.02210994418212
0001-2024cpueExPrior_0-bspm_estF,"sigmao[9,2]",sigmao,9,2,1.02210994418212
0001-2024cpueExPrior_0-bspm_estF,"sigmao[10,1]",sigmao,10,1,1.02210994418212
0001-2024cpueExPrior_0-bspm_estF,"sigmao[10,2]",sigmao,10,2,1.02210994418212
0001-2024cpueExPrior_0-bspm_estF,"sigmao[11,1]",sigmao,11,1,1.02210994418212
0001-2024cpueExPrior_0-bspm_estF,"sigmao[11,2]",sigmao,11,2,1.02210994418212
0001-2024cpueExPrior_0-bspm_estF,"sigmao[12,1]",sigmao,12,1,1.02210994418212
0001-2024cpueExPrior_0-bspm_estF,"sigmao[12,2]",sigmao,12,2,1.02210994418212
0001-2024cpueExPrior_0-bspm_estF,"sigmao[13,1]",sigmao,13,1,1.02210994418212
0001-2024cpueExPrior_0-bspm_estF,"sigmao[13,2]",sigmao,13,2,1.02210994418212
0001-2024cpueExPrior_0-bspm_estF,"sigmao[14,1]",sigmao,14,1,1.02210994418212
0001-2024cpueExPrior_0-bspm_estF,"sigmao[14,2]",sigmao,14,2,1.02210994418212
0001-2024cpueExPrior_0-bspm_estF,"sigmao[15,1]",sigmao,15,1,1.02210994418212
0001-2024cpueExPrior_0-bspm_estF,"sigmao[15,2]",sigmao,15,2,1.02210994418212
0001-2024cpueExPrior_0-bspm_estF,"sigmao[16,1]",sigmao,16,1,1.02210994418212
0001-2024cpueExPrior_0-bspm_estF,"sigmao[16,2]",sigmao,16,2,1.02210994418212
0001-2024cpueExPrior_0-bspm_estF,"sigmao[17,1]",sigmao,17,1,1.02210994418212
0001-2024cpueExPrior_0-bspm_estF,"sigmao[17,2]",sigmao,17,2,1.02210994418212
0001-2024cpueExPrior_0-bspm_estF,"sigmao[18,1]",sigmao,18,1,1.02210994418212
0001-2024cpueExPrior_0-bspm_estF,"sigmao[18,2]",sigmao,18,2,1.02210994418212
0001-2024cpueExPrior_0-bspm_estF,"sigmao[19,1]",sigmao,19,1,1.02210994418212
0001-2024cpueExPrior_0-bspm_estF,"sigmao[19,2]",sigmao,19,2,1.02210994418212
0001-2024cpueExPrior_0-bspm_estF,"sigmao[20,1]",sigmao,20,1,1.02210994418212
0001-2024cpueExPrior_0-bspm_estF,"sigmao[20,2]",sigmao,20,2,1.02210994418212
0001-2024cpueExPrior_0-bspm_estF,"sigmao[21,1]",sigmao,21,1,1.02210994418212
0001-2024cpueExPrior_0-bspm_estF,"sigmao[21,2]",sigmao,21,2,1.02210994418212
0001-2024cpueExPrior_0-bspm_estF,"sigmao[22,1]",sigmao,22,1,1.02210994418212
0001-2024cpueExPrior_0-bspm_estF,"sigmao[22,2]",sigmao,22,2,1.02210994418212
0001-2024cpueExPrior_0-bspm_estF,"sigmao[23,1]",sigmao,23,1,1.02210994418212
0001-2024cpueExPrior_0-bspm_estF,"sigmao[23,2]",sigmao,23,2,1.02210994418212
0001-2024cpueExPrior_0-bspm_estF,"sigmao[24,1]",sigmao,24,1,1.02210994418212
0001-2024cpueExPrior_0-bspm_estF,"sigmao[24,2]",sigmao,24,2,1.02210994418212
0001-2024cpueExPrior_0-bspm_estF,"sigmao[25,1]",sigmao,25,1,1.02210994418212
0001-2024cpueExPrior_0-bspm_estF,"sigmao[25,2]",sigmao,25,2,1.02210994418212
0001-2024cpueExPrior_0-bspm_estF,"sigmao[26,1]",sigmao,26,1,1.02210994418212
0001-2024cpueExPrior_0-bspm_estF,"sigmao[26,2]",sigmao,26,2,1.02210994418212
0001-2024cpueExPrior_0-bspm_estF,"sigmao[27,1]",sigmao,27,1,1.02210994418212
0001-2024cpueExPrior_0-bspm_estF,"sigmao[27,2]",sigmao,27,2,1.02210994418212
0001-2024cpueExPrior_0-bspm_estF,"sigmao[28,1]",sigmao,28,1,1.02210994418212
0001-2024cpueExPrior_0-bspm_estF,"sigmao[28,2]",sigmao,28,2,1.02210994418212
0001-2024cpueExPrior_0-bspm_estF,"sigmao[29,1]",sigmao,29,1,1.02210994418212
0001-2024cpueExPrior_0-bspm_estF,"sigmao[29,2]",sigmao,29,2,1.02210994418212
0001-2024cpueExPrior_0-bspm_estF,"sigmao[30,1]",sigmao,30,1,1.02210994418212
0001-2024cpueExPrior_0-bspm_estF,"sigmao[30,2]",sigmao,30,2,1.02210994418212
0001-2024cpueExPrior_0-bspm_estF,"sigmao[31,1]",sigmao,31,1,1.02210994418212
0001-2024cpueExPrior_0-bspm_estF,"sigmao[31,2]",sigmao,31,2,1.02210994418212
0001-2024cpueExPrior_0-bspm_estF,"sigmao[32,1]",sigmao,32,1,1.02210994418212
0001-2024cpueExPrior_0-bspm_estF,"sigmao[32,2]",sigmao,32,2,1.02210994418212
0001-2024cpueExPrior_0-bspm_estF,"sigmao[33,1]",sigmao,33,1,1.02210994418212
0001-2024cpueExPrior_0-bspm_estF,"sigmao[33,2]",sigmao,33,2,1.02210994418212
0001-2024cpueExPrior_0-bspm_estF,"sigmao[34,1]",sigmao,34,1,1.02210994418212
0001-2024cpueExPrior_0-bspm_estF,"sigmao[34,2]",sigmao,34,2,1.02210994418212
0001-2024cpueExPrior_0-bspm_estF,"sigmao[35,1]",sigmao,35,1,1.02210994418212
0001-2024cpueExPrior_0-bspm_estF,"sigmao[35,2]",sigmao,35,2,1.02210994418212
0001-2024cpueExPrior_0-bspm_estF,"sigmao[36,1]",sigmao,36,1,1.02210994418212
0001-2024cpueExPrior_0-bspm_estF,"sigmao[36,2]",sigmao,36,2,1.02210994418212
0001-2024cpueExPrior_0-bspm_estF,"sigmao[37,1]",sigmao,37,1,1.02210994418212
0001-2024cpueExPrior_0-bspm_estF,"sigmao[37,2]",sigmao,37,2,1.02210994418212
0001-2024cpueExPrior_0-bspm_estF,"sigmao[38,1]",sigmao,38,1,1.02210994418212
0001-2024cpueExPrior_0-bspm_estF,"sigmao[38,2]",sigmao,38,2,1.02210994418212
0001-2024cpueExPrior_0-bspm_estF,"sigmao[39,1]",sigmao,39,1,1.02210994418212
0001-2024cpueExPrior_0-bspm_estF,"sigmao[39,2]",sigmao,39,2,1.02210994418212
0001-2024cpueExPrior_0-bspm_estF,"sigmao[40,1]",sigmao,40,1,1.02210994418212
0001-2024cpueExPrior_0-bspm_estF,"sigmao[40,2]",sigmao,40,2,1.02210994418212
0001-2024cpueExPrior_0-bspm_estF,"sigmao[41,1]",sigmao,41,1,1.02210994418212
0001-2024cpueExPrior_0-bspm_estF,"sigmao[41,2]",sigmao,41,2,1.02210994418212
0001-2024cpueExPrior_0-bspm_estF,"sigmao[42,1]",sigmao,42,1,1.02210994418212
0001-2024cpueExPrior_0-bspm_estF,"sigmao[42,2]",sigmao,42,2,1.02210994418212
0001-2024cpueExPrior_0-bspm_estF,"sigmao[43,1]",sigmao,43,1,1.02210994418212
0001-2024cpueExPrior_0-bspm_estF,"sigmao[43,2]",sigmao,43,2,1.02210994418212
0001-2024cpueExPrior_0-bspm_estF,"sigmao[44,1]",sigmao,44,1,1.02210994418212
0001-2024cpueExPrior_0-bspm_estF,"sigmao[44,2]",sigmao,44,2,1.02210994418212
0001-2024cpueExPrior_0-bspm_estF,"sigmao[45,1]",sigmao,45,1,1.02210994418212
0001-2024cpueExPrior_0-bspm_estF,"sigmao[45,2]",sigmao,45,2,1.02210994418212
0001-2024cpueExPrior_0-bspm_estF,"sigmao[46,1]",sigmao,46,1,1.02210994418212
0001-2024cpueExPrior_0-bspm_estF,"sigmao[46,2]",sigmao,46,2,1.02210994418212
0001-2024cpueExPrior_0-bspm_estF,"sigmao[47,1]",sigmao,47,1,1.02210994418212
0001-2024cpueExPrior_0-bspm_estF,"sigmao[47,2]",sigmao,47,2,1.02210994418212
0001-2024cpueExPrior_0-bspm_estF,"sigmao[48,1]",sigmao,48,1,1.02210994418212
0001-2024cpueExPrior_0-bspm_estF,"sigmao[48,2]",sigmao,48,2,1.02210994418212
0001-2024cpueExPrior_0-bspm_estF,"sigmao[49,1]",sigmao,49,1,1.02210994418212
0001-2024cpueExPrior_0-bspm_estF,"sigmao[49,2]",sigmao,49,2,1.02210994418212
0001-2024cpueExPrior_0-bspm_estF,"sigmao[50,1]",sigmao,50,1,1.02210994418212
0001-2024cpueExPrior_0-bspm_estF,"sigmao[50,2]",sigmao,50,2,1.02210994418212
0001-2024cpueExPrior_0-bspm_estF,"sigmao[51,1]",sigmao,51,1,1.02210994418212
0001-2024cpueExPrior_0-bspm_estF,"sigmao[51,2]",sigmao,51,2,1.02210994418212
0001-2024cpueExPrior_0-bspm_estF,"sigmao[52,1]",sigmao,52,1,1.02210994418212
0001-2024cpueExPrior_0-bspm_estF,"sigmao[52,2]",sigmao,52,2,1.02210994418212
0001-2024cpueExPrior_0-bspm_estF,"sigmao[53,1]",sigmao,53,1,1.02210994418212
0001-2024cpueExPrior_0-bspm_estF,"sigmao[53,2]",sigmao,53,2,1.02210994418212
0001-2024cpueExPrior_0-bspm_estF,"sigmao[54,1]",sigmao,54,1,1.02210994418212
0001-2024cpueExPrior_0-bspm_estF,"sigmao[54,2]",sigmao,54,2,1.02210994418212
0001-2024cpueExPrior_0-bspm_estF,"sigmao[55,1]",sigmao,55,1,1.02210994418212
0001-2024cpueExPrior_0-bspm_estF,"sigmao[55,2]",sigmao,55,2,1.02210994418212
0001-2024cpueExPrior_0-bspm_estF,"sigmao[56,1]",sigmao,56,1,1.02210994418212
0001-2024cpueExPrior_0-bspm_estF,"sigmao[56,2]",sigmao,56,2,1.02210994418212
0001-2024cpueExPrior_0-bspm_estF,"sigmao[57,1]",sigmao,57,1,1.02210994418212
0001-2024cpueExPrior_0-bspm_estF,"sigmao[57,2]",sigmao,57,2,1.02210994418212
0001-2024cpueExPrior_0-bspm_estF,"sigmao[58,1]",sigmao,58,1,1.02210994418212
0001-2024cpueExPrior_0-bspm_estF,"sigmao[58,2]",sigmao,58,2,1.02210994418212
0001-2024cpueExPrior_0-bspm_estF,"sigmao[59,1]",sigmao,59,1,1.02210994418212
0001-2024cpueExPrior_0-bspm_estF,"sigmao[59,2]",sigmao,59,2,1.02210994418212
0001-2024cpueExPrior_0-bspm_estF,"sigmao[60,1]",sigmao,60,1,1.02210994418212
0001-2024cpueExPrior_0-bspm_estF,"sigmao[60,2]",sigmao,60,2,1.02210994418212
0001-2024cpueExPrior_0-bspm_estF,"sigmao[61,1]",sigmao,61,1,1.02210994418212
0001-2024cpueExPrior_0-bspm_estF,"sigmao[61,2]",sigmao,61,2,1.02210994418212
0001-2024cpueExPrior_0-bspm_estF,"sigmao[62,1]",sigmao,62,1,1.02210994418212
0001-2024cpueExPrior_0-bspm_estF,"sigmao[62,2]",sigmao,62,2,1.02210994418212
0001-2024cpueExPrior_0-bspm_estF,"sigmao[63,1]",sigmao,63,1,1.02210994418212
0001-2024cpueExPrior_0-bspm_estF,"sigmao[63,2]",sigmao,63,2,1.02210994418212
0001-2024cpueExPrior_0-bspm_estF,"sigmao[64,1]",sigmao,64,1,1.02210994418212
0001-2024cpueExPrior_0-bspm_estF,"sigmao[64,2]",sigmao,64,2,1.02210994418212
0001-2024cpueExPrior_0-bspm_estF,"sigmao[65,1]",sigmao,65,1,1.02210994418212
0001-2024cpueExPrior_0-bspm_estF,"sigmao[65,2]",sigmao,65,2,1.02210994418212
0001-2024cpueExPrior_0-bspm_estF,"sigmao[66,1]",sigmao,66,1,1.02210994418212
0001-2024cpueExPrior_0-bspm_estF,"sigmao[66,2]",sigmao,66,2,1.02210994418212
0001-2024cpueExPrior_0-bspm_estF,"sigmao[67,1]",sigmao,67,1,1.02210994418212
0001-2024cpueExPrior_0-bspm_estF,"sigmao[67,2]",sigmao,67,2,1.02210994418212
0001-2024cpueExPrior_0-bspm_estF,"sigmao[68,1]",sigmao,68,1,1.02210994418212
0001-2024cpueExPrior_0-bspm_estF,"sigmao[68,2]",sigmao,68,2,1.02210994418212
0001-2024cpueExPrior_0-bspm_estF,"sigmao[69,1]",sigmao,69,1,1.02210994418212
0001-2024cpueExPrior_0-bspm_estF,"sigmao[69,2]",sigmao,69,2,1.02210994418212
0001-2024cpueExPrior_0-bspm_estF,"sigmao[70,1]",sigmao,70,1,1.02210994418212
0001-2024cpueExPrior_0-bspm_estF,"sigmao[70,2]",sigmao,70,2,1.02210994418212
0001-2024cpueExPrior_0-bspm_estF,"sigmao[71,1]",sigmao,71,1,1.02210994418212
0001-2024cpueExPrior_0-bspm_estF,"sigmao[71,2]",sigmao,71,2,1.02210994418212
0001-2024cpueExPrior_0-bspm_estF,sigmao_sc,sigmao_sc,,,1.02210994418212
0001-2024cpueExPrior_0-bspm_estF,sigmao_add,sigmao_add,,,1.02210994418212
0001-2024cpueExPrior_0-bspm_estF,n,n,,,1.13322244477489
0001-2024cpueExPrior_0-bspm_estF,dmsy,dmsy,,,1.12513010423402
0001-2024cpueExPrior_0-bspm_estF,h,h,,,1.12513010423402
0001-2024cpueExPrior_0-bspm_estF,m,m,,,1.01849509093025
0001-2024cpueExPrior_0-bspm_estF,g,g,,,1.09079421295676
0001-2024cpueExPrior_0-bspm_estF,removals[1],removals,1,,1.01359605532758
0001-2024cpueExPrior_0-bspm_estF,removals[2],removals,2,,0.917016854062739
0001-2024cpueExPrior_0-bspm_estF,removals[3],removals,3,,0.933017107445729
0001-2024cpueExPrior_0-bspm_estF,removals[4],removals,4,,0.984894316429135
0001-2024cpueExPrior_0-bspm_estF,removals[5],removals,5,,1.15452993254341
0001-2024cpueExPrior_0-bspm_estF,removals[6],removals,6,,0.885589967315535
0001-2024cpueExPrior_0-bspm_estF,removals[7],removals,7,,1.00584019743812
0001-2024cpueExPrior_0-bspm_estF,removals[8],removals,8,,0.838590746247429
0001-2024cpueExPrior_0-bspm_estF,removals[9],removals,9,,0.870153233988181
0001-2024cpueExPrior_0-bspm_estF,removals[10],removals,10,,1.00686687391771
0001-2024cpueExPrior_0-bspm_estF,removals[11],removals,11,,1.0822815556246
0001-2024cpueExPrior_0-bspm_estF,removals[12],removals,12,,0.988994156683933
0001-2024cpueExPrior_0-bspm_estF,removals[13],removals,13,,0.953021115553002
0001-2024cpueExPrior_0-bspm_estF,removals[14],removals,14,,0.934902887485116
0001-2024cpueExPrior_0-bspm_estF,removals[15],removals,15,,0.940389430556624
0001-2024cpueExPrior_0-bspm_estF,removals[16],removals,16,,0.924191622228943
0001-2024cpueExPrior_0-bspm_estF,removals[17],removals,17,,1.07399196812452
0001-2024cpueExPrior_0-bspm_estF,removals[18],removals,18,,1.01459009954231
0001-2024cpueExPrior_0-bspm_estF,removals[19],removals,19,,1.06166699578367
0001-2024cpueExPrior_0-bspm_estF,removals[20],removals,20,,0.922139061984009
0001-2024cpueExPrior_0-bspm_estF,removals[21],removals,21,,1.05387412531149
0001-2024cpueExPrior_0-bspm_estF,removals[22],removals,22,,1.01041055604031
0001-2024cpueExPrior_0-bspm_estF,removals[23],removals,23,,0.91389788670232
0001-2024cpueExPrior_0-bspm_estF,removals[24],removals,24,,0.770218987239122
0001-2024cpueExPrior_0-bspm_estF,removals[25],removals,25,,1.04126660459266
0001-2024cpueExPrior_0-bspm_estF,removals[26],removals,26,,1.06238551390298
0001-2024cpueExPrior_0-bspm_estF,removals[27],removals,27,,1.15456803425441
0001-2024cpueExPrior_0-bspm_estF,removals[28],removals,28,,0.918681478440765
0001-2024cpueExPrior_0-bspm_estF,removals[29],removals,29,,0.99722632979973
0001-2024cpueExPrior_0-bspm_estF,removals[30],removals,30,,0.926235054356853
0001-2024cpueExPrior_0-bspm_estF,removals[31],removals,31,,1.02396284994847
0001-2024cpueExPrior_0-bspm_estF,removals[32],removals,32,,1.08897578099795
0001-2024cpueExPrior_0-bspm_estF,removals[33],removals,33,,0.991813703348579
0001-2024cpueExPrior_0-bspm_estF,removals[34],removals,34,,1.06239695364788
0001-2024cpueExPrior_0-bspm_estF,removals[35],removals,35,,0.91954795591461
0001-2024cpueExPrior_0-bspm_estF,removals[36],removals,36,,1.17733766717415
0001-2024cpueExPrior_0-bspm_estF,removals[37],removals,37,,0.775830360144513
0001-2024cpueExPrior_0-bspm_estF,removals[38],removals,38,,1.01832535500329
0001-2024cpueExPrior_0-bspm_estF,removals[39],removals,39,,0.997560516619138
0001-2024cpueExPrior_0-bspm_estF,removals[40],removals,40,,0.94509909698447
0001-2024cpueExPrior_0-bspm_estF,removals[41],removals,41,,0.93075874334826
0001-2024cpueExPrior_0-bspm_estF,removals[42],removals,42,,0.945033544070407
0001-2024cpueExPrior_0-bspm_estF,removals[43],removals,43,,0.964877057602118
0001-2024cpueExPrior_0-bspm_estF,removals[44],removals,44,,0.964403154567197
0001-2024cpueExPrior_0-bspm_estF,removals[45],removals,45,,0.912891636067747
0001-2024cpueExPrior_0-bspm_estF,removals[46],removals,46,,1.01717515297356
0001-2024cpueExPrior_0-bspm_estF,removals[47],removals,47,,0.954653174821203
0001-2024cpueExPrior_0-bspm_estF,removals[48],removals,48,,0.897459038550467
0001-2024cpueExPrior_0-bspm_estF,removals[49],removals,49,,0.841437831876771
0001-2024cpueExPrior_0-bspm_estF,removals[50],removals,50,,0.812000757595831
0001-2024cpueExPrior_0-bspm_estF,removals[51],removals,51,,0.910400111881135
0001-2024cpueExPrior_0-bspm_estF,removals[52],removals,52,,0.906548465094748
0001-2024cpueExPrior_0-bspm_estF,removals[53],removals,53,,1.01434768994333
0001-2024cpueExPrior_0-bspm_estF,removals[54],removals,54,,1.07831239364631
0001-2024cpueExPrior_0-bspm_estF,removals[55],removals,55,,0.914719916991921
0001-2024cpueExPrior_0-bspm_estF,removals[56],removals,56,,1.10131441866892
0001-2024cpueExPrior_0-bspm_estF,removals[57],removals,57,,0.973936734710821
0001-2024cpueExPrior_0-bspm_estF,removals[58],removals,58,,0.979092565501969
0001-2024cpueExPrior_0-bspm_estF,removals[59],removals,59,,0.875529163434886
0001-2024cpueExPrior_0-bspm_estF,removals[60],removals,60,,0.95324627111003
0001-2024cpueExPrior_0-bspm_estF,removals[61],removals,61,,0.984920332057932
0001-2024cpueExPrior_0-bspm_estF,removals[62],removals,62,,0.995194369747352
0001-2024cpueExPrior_0-bspm_estF,removals[63],removals,63,,1.01155489025405
0001-2024cpueExPrior_0-bspm_estF,removals[64],removals,64,,0.941707374811786
0001-2024cpueExPrior_0-bspm_estF,removals[65],removals,65,,1.14155816212462
0001-2024cpueExPrior_0-bspm_estF,removals[66],removals,66,,1.04101067865789
0001-2024cpueExPrior_0-bspm_estF,removals[67],removals,67,,0.705717234788387
0001-2024cpueExPrior_0-bspm_estF,removals[68],removals,68,,0.902689740037684
0001-2024cpueExPrior_0-bspm_estF,removals[69],removals,69,,0.970149176091067
0001-2024cpueExPrior_0-bspm_estF,removals[70],removals,70,,0.867679541978189
0001-2024cpueExPrior_0-bspm_estF,x[1],x,1,,0.925440803808147
0001-2024cpueExPrior_0-bspm_estF,x[2],x,2,,0.900305090933171
0001-2024cpueExPrior_0-bspm_estF,x[3],x,3,,1.03700444135827
0001-2024cpueExPrior_0-bspm_estF,x[4],x,4,,1.02211262957221
0001-2024cpueExPrior_0-bspm_estF,x[5],x,5,,1.05437413757578
0001-2024cpueExPrior_0-bspm_estF,x[6],x,6,,1.03011479756153
0001-2024cpueExPrior_0-bspm_estF,x[7],x,7,,0.972104585511878
0001-2024cpueExPrior_0-bspm_estF,x[8],x,8,,0.979081457151063
0001-2024cpueExPrior_0-bspm_estF,x[9],x,9,,0.991443604395526
0001-2024cpueExPrior_0-bspm_estF,x[10],x,10,,1.02818755860504
0001-2024cpueExPrior_0-bspm_estF,x[11],x,11,,1.03160171616336
0001-2024cpueExPrior_0-bspm_estF,x[12],x,12,,1.03305389643113
0001-2024cpueExPrior_0-bspm_estF,x[13],x,13,,0.981244333134808
0001-2024cpueExPrior_0-bspm_estF,x[14],x,14,,0.975599335672967
0001-2024cpueExPrior_0-bspm_estF,x[15],x,15,,1.03766302973356
0001-2024cpueExPrior_0-bspm_estF,x[16],x,16,,1.0958971645624
0001-2024cpueExPrior_0-bspm_estF,x[17],x,17,,1.12690113339393
0001-2024cpueExPrior_0-bspm_estF,x[18],x,18,,1.07613461078049
0001-2024cpueExPrior_0-bspm_estF,x[19],x,19,,1.09852877680101
0001-2024cpueExPrior_0-bspm_estF,x[20],x,20,,1.06013085112589
0001-2024cpueExPrior_0-bspm_estF,x[21],x,21,,0.953101835470369
0001-2024cpueExPrior_0-bspm_estF,x[22],x,22,,0.828615027005986
0001-2024cpueExPrior_0-bspm_estF,x[23],x,23,,0.872636616721505
0001-2024cpueExPrior_0-bspm_estF,x[24],x,24,,0.931166176839258
0001-2024cpueExPrior_0-bspm_estF,x[25],x,25,,0.911183700614556
0001-2024cpueExPrior_0-bspm_estF,x[26],x,26,,0.942212711143332
0001-2024cpueExPrior_0-bspm_estF,x[27],x,27,,0.961959544785967
0001-2024cpueExPrior_0-bspm_estF,x[28],x,28,,0.997895868339804
0001-2024cpueExPrior_0-bspm_estF,x[29],x,29,,1.07880378929342
0001-2024cpueExPrior_0-bspm_estF,x[30],x,30,,1.01695382847353
0001-2024cpueExPrior_0-bspm_estF,x[31],x,31,,1.05715881018182
0001-2024cpueExPrior_0-bspm_estF,x[32],x,32,,0.995627457404302
0001-2024cpueExPrior_0-bspm_estF,x[33],x,33,,1.0340396627435
0001-2024cpueExPrior_0-bspm_estF,x[34],x,34,,1.05445654532944
0001-2024cpueExPrior_0-bspm_estF,x[35],x,35,,1.08068397682463
0001-2024cpueExPrior_0-bspm_estF,x[36],x,36,,1.10990973416854
0001-2024cpueExPrior_0-bspm_estF,x[37],x,37,,1.06188461277337
0001-2024cpueExPrior_0-bspm_estF,x[38],x,38,,1.08154333200582
0001-2024cpueExPrior_0-bspm_estF,x[39],x,39,,1.10452347811092
0001-2024cpueExPrior_0-bspm_estF,x[40],x,40,,1.1089828340753
0001-2024cpueExPrior_0-bspm_estF,x[41],x,41,,1.11998695776816
0001-2024cpueExPrior_0-bspm_estF,x[42],x,42,,1.11342802856404
0001-2024cpueExPrior_0-bspm_estF,x[43],x,43,,1.07290191958815
0001-2024cpueExPrior_0-bspm_estF,x[44],x,44,,1.04337681670299
0001-2024cpueExPrior_0-bspm_estF,x[45],x,45,,1.00245976147655
0001-2024cpueExPrior_0-bspm_estF,x[46],x,46,,0.984848087573139
0001-2024cpueExPrior_0-bspm_estF,x[47],x,47,,0.974666726635959
0001-2024cpueExPrior_0-bspm_estF,x[48],x,48,,0.968155393801586
0001-2024cpueExPrior_0-bspm_estF,x[49],x,49,,0.927529884153116
0001-2024cpueExPrior_0-bspm_estF,x[50],x,50,,0.983261940960289
0001-2024cpueExPrior_0-bspm_estF,x[51],x,51,,0.97277378828532
0001-2024cpueExPrior_0-bspm_estF,x[52],x,52,,1.01552089823689
0001-2024cpueExPrior_0-bspm_estF,x[53],x,53,,0.991624199464476
0001-2024cpueExPrior_0-bspm_estF,x[54],x,54,,0.995250681925555
0001-2024cpueExPrior_0-bspm_estF,x[55],x,55,,1.01262823137966
0001-2024cpueExPrior_0-bspm_estF,x[56],x,56,,1.05233869830041
0001-2024cpueExPrior_0-bspm_estF,x[57],x,57,,1.05927183324913
0001-2024cpueExPrior_0-bspm_estF,x[58],x,58,,1.10047984522272
0001-2024cpueExPrior_0-bspm_estF,x[59],x,59,,1.09707266718168
0001-2024cpueExPrior_0-bspm_estF,x[60],x,60,,1.08495631234459
0001-2024cpueExPrior_0-bspm_estF,x[61],x,61,,1.11462712024624
0001-2024cpueExPrior_0-bspm_estF,x[62],x,62,,1.07303491848668
0001-2024cpueExPrior_0-bspm_estF,x[63],x,63,,1.06716077300034
0001-2024cpueExPrior_0-bspm_estF,x[64],x,64,,1.08520124499085
0001-2024cpueExPrior_0-bspm_estF,x[65],x,65,,1.06582258579222
0001-2024cpueExPrior_0-bspm_estF,x[66],x,66,,1.09576227651439
0001-2024cpueExPrior_0-bspm_estF,x[67],x,67,,1.08257338670411
0001-2024cpueExPrior_0-bspm_estF,x[68],x,68,,1.10368854582438
0001-2024cpueExPrior_0-bspm_estF,x[69],x,69,,1.08843004459695
0001-2024cpueExPrior_0-bspm_estF,x[70],x,70,,1.05695510501065
0001-2024cpueExPrior_0-bspm_estF,x[71],x,71,,1.10132233456187
0001-2024cpueExPrior_0-bspm_estF,q[1],q,1,,1.03123847371791
0001-2024cpueExPrior_0-bspm_estF,q[2],q,2,,1.03123847371791
0001-2024cpueExPrior_0-bspm_estF,lp__,lp__,,,0.938478562218075
