run_id,variable,name,row,col,rhat
0001-2024cpueExPrior_0-bspm_estF,raw_logK,raw_logK,,,0.998295510231462
0001-2024cpueExPrior_0-bspm_estF,raw_logr,raw_logr,,,0.998970182578932
0001-2024cpueExPrior_0-bspm_estF,raw_logsigmap,raw_logsigmap,,,0.998468187271875
0001-2024cpueExPrior_0-bspm_estF,raw_sigmao_add,raw_sigmao_add,,,1.0006338887901
0001-2024cpueExPrior_0-bspm_estF,raw_epsp[1],raw_epsp,1,,1.00263695999317
0001-2024cpueExPrior_0-bspm_estF,raw_epsp[2],raw_epsp,2,,1.00397508201757
0001-2024cpueExPrior_0-bspm_estF,raw_epsp[3],raw_epsp,3,,0.999790889908197
0001-2024cpueExPrior_0-bspm_estF,raw_epsp[4],raw_epsp,4,,0.999680918945273
0001-2024cpueExPrior_0-bspm_estF,raw_epsp[5],raw_epsp,5,,0.999038341462455
0001-2024cpueExPrior_0-bspm_estF,raw_epsp[6],raw_epsp,6,,0.996434600113925
0001-2024cpueExPrior_0-bspm_estF,raw_epsp[7],raw_epsp,7,,0.996706552817472
0001-2024cpueExPrior_0-bspm_estF,raw_epsp[8],raw_epsp,8,,0.996636000661814
0001-2024cpueExPrior_0-bspm_estF,raw_epsp[9],raw_epsp,9,,1.00066850665786
0001-2024cpueExPrior_0-bspm_estF,raw_epsp[10],raw_epsp,10,,0.999185763868194
0001-2024cpueExPrior_0-bspm_estF,raw_epsp[11],raw_epsp,11,,1.00184871667704
0001-2024cpueExPrior_0-bspm_estF,raw_epsp[12],raw_epsp,12,,0.99758570149965
0001-2024cpueExPrior_0-bspm_estF,raw_epsp[13],raw_epsp,13,,0.997418329019149
0001-2024cpueExPrior_0-bspm_estF,raw_epsp[14],raw_epsp,14,,1.00061822809092
0001-2024cpueExPrior_0-bspm_estF,raw_epsp[15],raw_epsp,15,,0.996520167619591
0001-2024cpueExPrior_0-bspm_estF,raw_epsp[16],raw_epsp,16,,0.996919146796997
0001-2024cpueExPrior_0-bspm_estF,raw_epsp[17],raw_epsp,17,,0.996495361065388
0001-2024cpueExPrior_0-bspm_estF,raw_epsp[18],raw_epsp,18,,0.998575305080021
0001-2024cpueExPrior_0-bspm_estF,raw_epsp[19],raw_epsp,19,,1.00513424643262
0001-2024cpueExPrior_0-bspm_estF,raw_epsp[20],raw_epsp,20,,0.99966699868722
0001-2024cpueExPrior_0-bspm_estF,raw_epsp[21],raw_epsp,21,,0.999874544393376
0001-2024cpueExPrior_0-bspm_estF,raw_epsp[22],raw_epsp,22,,0.999039445839023
0001-2024cpueExPrior_0-bspm_estF,raw_epsp[23],raw_epsp,23,,0.998859050200429
0001-2024cpueExPrior_0-bspm_estF,raw_epsp[24],raw_epsp,24,,0.99854469969108
0001-2024cpueExPrior_0-bspm_estF,raw_epsp[25],raw_epsp,25,,1.00116889626948
0001-2024cpueExPrior_0-bspm_estF,raw_epsp[26],raw_epsp,26,,0.998717241785386
0001-2024cpueExPrior_0-bspm_estF,raw_epsp[27],raw_epsp,27,,1.00032054998957
0001-2024cpueExPrior_0-bspm_estF,raw_epsp[28],raw_epsp,28,,1.00036187140381
0001-2024cpueExPrior_0-bspm_estF,raw_epsp[29],raw_epsp,29,,1.00055717053726
0001-2024cpueExPrior_0-bspm_estF,raw_epsp[30],raw_epsp,30,,1.00061885940801
0001-2024cpueExPrior_0-bspm_estF,raw_epsp[31],raw_epsp,31,,1.00228143687386
0001-2024cpueExPrior_0-bspm_estF,raw_epsp[32],raw_epsp,32,,1.00018235493692
0001-2024cpueExPrior_0-bspm_estF,raw_epsp[33],raw_epsp,33,,0.997818327005893
0001-2024cpueExPrior_0-bspm_estF,raw_epsp[34],raw_epsp,34,,0.999826600166822
0001-2024cpueExPrior_0-bspm_estF,raw_epsp[35],raw_epsp,35,,0.999633570961158
0001-2024cpueExPrior_0-bspm_estF,raw_epsp[36],raw_epsp,36,,0.998237393625935
0001-2024cpueExPrior_0-bspm_estF,raw_epsp[37],raw_epsp,37,,0.99793444908169
0001-2024cpueExPrior_0-bspm_estF,raw_epsp[38],raw_epsp,38,,0.999311234626873
0001-2024cpueExPrior_0-bspm_estF,raw_epsp[39],raw_epsp,39,,0.997311433043609
0001-2024cpueExPrior_0-bspm_estF,raw_epsp[40],raw_epsp,40,,0.998458593379502
0001-2024cpueExPrior_0-bspm_estF,raw_epsp[41],raw_epsp,41,,1.00162930284736
0001-2024cpueExPrior_0-bspm_estF,raw_epsp[42],raw_epsp,42,,1.00304224689162
0001-2024cpueExPrior_0-bspm_estF,raw_epsp[43],raw_epsp,43,,0.998095041845495
0001-2024cpueExPrior_0-bspm_estF,raw_epsp[44],raw_epsp,44,,0.998061478006304
0001-2024cpueExPrior_0-bspm_estF,raw_epsp[45],raw_epsp,45,,0.996576226793187
0001-2024cpueExPrior_0-bspm_estF,raw_epsp[46],raw_epsp,46,,0.997577438612878
0001-2024cpueExPrior_0-bspm_estF,raw_epsp[47],raw_epsp,47,,0.999156076448853
0001-2024cpueExPrior_0-bspm_estF,raw_epsp[48],raw_epsp,48,,0.996528661500149
0001-2024cpueExPrior_0-bspm_estF,raw_epsp[49],raw_epsp,49,,1.00175021920552
0001-2024cpueExPrior_0-bspm_estF,raw_epsp[50],raw_epsp,50,,0.999655442668096
0001-2024cpueExPrior_0-bspm_estF,raw_epsp[51],raw_epsp,51,,1.0018177977127
0001-2024cpueExPrior_0-bspm_estF,raw_epsp[52],raw_epsp,52,,0.998785726935573
0001-2024cpueExPrior_0-bspm_estF,raw_epsp[53],raw_epsp,53,,0.996906573467718
0001-2024cpueExPrior_0-bspm_estF,raw_epsp[54],raw_epsp,54,,0.999483459737667
0001-2024cpueExPrior_0-bspm_estF,raw_epsp[55],raw_epsp,55,,0.99937385807809
0001-2024cpueExPrior_0-bspm_estF,raw_epsp[56],raw_epsp,56,,0.999575256796127
0001-2024cpueExPrior_0-bspm_estF,raw_epsp[57],raw_epsp,57,,0.997112182034868
0001-2024cpueExPrior_0-bspm_estF,raw_epsp[58],raw_epsp,58,,0.999452620811242
0001-2024cpueExPrior_0-bspm_estF,raw_epsp[59],raw_epsp,59,,1.00388708841524
0001-2024cpueExPrior_0-bspm_estF,raw_epsp[60],raw_epsp,60,,0.997439910068649
0001-2024cpueExPrior_0-bspm_estF,raw_epsp[61],raw_epsp,61,,0.997082688468358
0001-2024cpueExPrior_0-bspm_estF,raw_epsp[62],raw_epsp,62,,1.00024572961088
0001-2024cpueExPrior_0-bspm_estF,raw_epsp[63],raw_epsp,63,,1.00007119616057
0001-2024cpueExPrior_0-bspm_estF,raw_epsp[64],raw_epsp,64,,1.00044666591259
0001-2024cpueExPrior_0-bspm_estF,raw_epsp[65],raw_epsp,65,,0.999119632043968
0001-2024cpueExPrior_0-bspm_estF,raw_epsp[66],raw_epsp,66,,1.00425266771389
0001-2024cpueExPrior_0-bspm_estF,raw_epsp[67],raw_epsp,67,,0.998616736776206
0001-2024cpueExPrior_0-bspm_estF,raw_epsp[68],raw_epsp,68,,0.998221958280906
0001-2024cpueExPrior_0-bspm_estF,raw_epsp[69],raw_epsp,69,,1.00268602526507
0001-2024cpueExPrior_0-bspm_estF,raw_epsp[70],raw_epsp,70,,0.999964952761619
0001-2024cpueExPrior_0-bspm_estF,raw_epsp[71],raw_epsp,71,,1.00688988098818
0001-2024cpueExPrior_0-bspm_estF,raw_logshape,raw_logshape,,,1.0002931723925
0001-2024cpueExPrior_0-bspm_estF,raw_sigmaf,raw_sigmaf,,,0.996106095250755
0001-2024cpueExPrior_0-bspm_estF,raw_F[1],raw_F,1,,1.0035452923653
0001-2024cpueExPrior_0-bspm_estF,raw_F[2],raw_F,2,,0.998791121820133
0001-2024cpueExPrior_0-bspm_estF,raw_F[3],raw_F,3,,0.999249754472693
0001-2024cpueExPrior_0-bspm_estF,raw_F[4],raw_F,4,,1.00306722076221
0001-2024cpueExPrior_0-bspm_estF,raw_F[5],raw_F,5,,1.00764854255448
0001-2024cpueExPrior_0-bspm_estF,raw_F[6],raw_F,6,,0.998660407694772
0001-2024cpueExPrior_0-bspm_estF,raw_F[7],raw_F,7,,1.00051755829753
0001-2024cpueExPrior_0-bspm_estF,raw_F[8],raw_F,8,,0.997110379656301
0001-2024cpueExPrior_0-bspm_estF,raw_F[9],raw_F,9,,0.997293262216467
0001-2024cpueExPrior_0-bspm_estF,raw_F[10],raw_F,10,,0.997648501500484
0001-2024cpueExPrior_0-bspm_estF,raw_F[11],raw_F,11,,0.998995038747645
0001-2024cpueExPrior_0-bspm_estF,raw_F[12],raw_F,12,,0.998612640175602
0001-2024cpueExPrior_0-bspm_estF,raw_F[13],raw_F,13,,0.999300270319065
0001-2024cpueExPrior_0-bspm_estF,raw_F[14],raw_F,14,,0.998948431895191
0001-2024cpueExPrior_0-bspm_estF,raw_F[15],raw_F,15,,1.00157550902035
0001-2024cpueExPrior_0-bspm_estF,raw_F[16],raw_F,16,,0.999003195368022
0001-2024cpueExPrior_0-bspm_estF,raw_F[17],raw_F,17,,0.999559410232964
0001-2024cpueExPrior_0-bspm_estF,raw_F[18],raw_F,18,,0.999412016364947
0001-2024cpueExPrior_0-bspm_estF,raw_F[19],raw_F,19,,1.0039637447075
0001-2024cpueExPrior_0-bspm_estF,raw_F[20],raw_F,20,,0.998090379818014
0001-2024cpueExPrior_0-bspm_estF,raw_F[21],raw_F,21,,1.00758211265838
0001-2024cpueExPrior_0-bspm_estF,raw_F[22],raw_F,22,,1.00005181471812
0001-2024cpueExPrior_0-bspm_estF,raw_F[23],raw_F,23,,0.998360963418644
0001-2024cpueExPrior_0-bspm_estF,raw_F[24],raw_F,24,,1.00494529106671
0001-2024cpueExPrior_0-bspm_estF,raw_F[25],raw_F,25,,0.998738341261375
0001-2024cpueExPrior_0-bspm_estF,raw_F[26],raw_F,26,,0.998653434191245
0001-2024cpueExPrior_0-bspm_estF,raw_F[27],raw_F,27,,0.998963907351689
0001-2024cpueExPrior_0-bspm_estF,raw_F[28],raw_F,28,,0.997206030719927
0001-2024cpueExPrior_0-bspm_estF,raw_F[29],raw_F,29,,0.99758433859067
0001-2024cpueExPrior_0-bspm_estF,raw_F[30],raw_F,30,,0.998143846796222
0001-2024cpueExPrior_0-bspm_estF,raw_F[31],raw_F,31,,0.997265113977034
0001-2024cpueExPrior_0-bspm_estF,raw_F[32],raw_F,32,,0.997711350815943
0001-2024cpueExPrior_0-bspm_estF,raw_F[33],raw_F,33,,0.999286376217886
0001-2024cpueExPrior_0-bspm_estF,raw_F[34],raw_F,34,,1.00147979763341
0001-2024cpueExPrior_0-bspm_estF,raw_F[35],raw_F,35,,1.00256295635863
0001-2024cpueExPrior_0-bspm_estF,raw_F[36],raw_F,36,,1.00135811158132
0001-2024cpueExPrior_0-bspm_estF,raw_F[37],raw_F,37,,1.00633818569657
0001-2024cpueExPrior_0-bspm_estF,raw_F[38],raw_F,38,,1.00019796498425
0001-2024cpueExPrior_0-bspm_estF,raw_F[39],raw_F,39,,1.00039185196123
0001-2024cpueExPrior_0-bspm_estF,raw_F[40],raw_F,40,,0.998358680178672
0001-2024cpueExPrior_0-bspm_estF,raw_F[41],raw_F,41,,0.9976463545929
0001-2024cpueExPrior_0-bspm_estF,raw_F[42],raw_F,42,,0.998817811255901
0001-2024cpueExPrior_0-bspm_estF,raw_F[43],raw_F,43,,1.00119903130829
0001-2024cpueExPrior_0-bspm_estF,raw_F[44],raw_F,44,,1.00054524392347
0001-2024cpueExPrior_0-bspm_estF,raw_F[45],raw_F,45,,0.99865314961551
0001-2024cpueExPrior_0-bspm_estF,raw_F[46],raw_F,46,,0.999225920956964
0001-2024cpueExPrior_0-bspm_estF,raw_F[47],raw_F,47,,1.00410055007976
0001-2024cpueExPrior_0-bspm_estF,raw_F[48],raw_F,48,,0.996496413229051
0001-2024cpueExPrior_0-bspm_estF,raw_F[49],raw_F,49,,1.00033109037243
0001-2024cpueExPrior_0-bspm_estF,raw_F[50],raw_F,50,,1.00928697804779
0001-2024cpueExPrior_0-bspm_estF,raw_F[51],raw_F,51,,0.998073360089449
0001-2024cpueExPrior_0-bspm_estF,raw_F[52],raw_F,52,,0.998338633555453
0001-2024cpueExPrior_0-bspm_estF,raw_F[53],raw_F,53,,1.00548612144087
0001-2024cpueExPrior_0-bspm_estF,raw_F[54],raw_F,54,,1.00119838561672
0001-2024cpueExPrior_0-bspm_estF,raw_F[55],raw_F,55,,0.998962779431757
0001-2024cpueExPrior_0-bspm_estF,raw_F[56],raw_F,56,,0.998297625386142
0001-2024cpueExPrior_0-bspm_estF,raw_F[57],raw_F,57,,1.0006162506544
0001-2024cpueExPrior_0-bspm_estF,raw_F[58],raw_F,58,,1.00032879785935
0001-2024cpueExPrior_0-bspm_estF,raw_F[59],raw_F,59,,0.997115808294912
0001-2024cpueExPrior_0-bspm_estF,raw_F[60],raw_F,60,,1.00003880107736
0001-2024cpueExPrior_0-bspm_estF,raw_F[61],raw_F,61,,0.998821948127152
0001-2024cpueExPrior_0-bspm_estF,raw_F[62],raw_F,62,,0.998051515953146
0001-2024cpueExPrior_0-bspm_estF,raw_F[63],raw_F,63,,1.00707125985636
0001-2024cpueExPrior_0-bspm_estF,raw_F[64],raw_F,64,,0.997619543491342
0001-2024cpueExPrior_0-bspm_estF,raw_F[65],raw_F,65,,0.998480284411705
0001-2024cpueExPrior_0-bspm_estF,raw_F[66],raw_F,66,,1.00191627145062
0001-2024cpueExPrior_0-bspm_estF,raw_F[67],raw_F,67,,0.998626509583956
0001-2024cpueExPrior_0-bspm_estF,raw_F[68],raw_F,68,,1.00020271772611
0001-2024cpueExPrior_0-bspm_estF,raw_F[69],raw_F,69,,1.00378308672937
0001-2024cpueExPrior_0-bspm_estF,raw_F[70],raw_F,70,,1.00195172062105
0001-2024cpueExPrior_0-bspm_estF,logK,logK,,,0.998295510231462
0001-2024cpueExPrior_0-bspm_estF,r,r,,,0.998367682886756
0001-2024cpueExPrior_0-bspm_estF,epsp[1],epsp,1,,1.00284574964438
0001-2024cpueExPrior_0-bspm_estF,epsp[2],epsp,2,,1.00311921883554
0001-2024cpueExPrior_0-bspm_estF,epsp[3],epsp,3,,0.999369743308884
0001-2024cpueExPrior_0-bspm_estF,epsp[4],epsp,4,,0.999382981932566
0001-2024cpueExPrior_0-bspm_estF,epsp[5],epsp,5,,1.00019558357228
0001-2024cpueExPrior_0-bspm_estF,epsp[6],epsp,6,,0.996298784329971
0001-2024cpueExPrior_0-bspm_estF,epsp[7],epsp,7,,0.997674503294639
0001-2024cpueExPrior_0-bspm_estF,epsp[8],epsp,8,,0.995996136524506
0001-2024cpueExPrior_0-bspm_estF,epsp[9],epsp,9,,1.0001456465409
0001-2024cpueExPrior_0-bspm_estF,epsp[10],epsp,10,,0.998017257794397
0001-2024cpueExPrior_0-bspm_estF,epsp[11],epsp,11,,1.00338298771401
0001-2024cpueExPrior_0-bspm_estF,epsp[12],epsp,12,,0.998686002810591
0001-2024cpueExPrior_0-bspm_estF,epsp[13],epsp,13,,0.996944139741658
0001-2024cpueExPrior_0-bspm_estF,epsp[14],epsp,14,,1.00251634124709
0001-2024cpueExPrior_0-bspm_estF,epsp[15],epsp,15,,0.998749118695718
0001-2024cpueExPrior_0-bspm_estF,epsp[16],epsp,16,,0.996812696076189
0001-2024cpueExPrior_0-bspm_estF,epsp[17],epsp,17,,0.995622759218089
0001-2024cpueExPrior_0-bspm_estF,epsp[18],epsp,18,,0.999785615751388
0001-2024cpueExPrior_0-bspm_estF,epsp[19],epsp,19,,1.00348965220746
0001-2024cpueExPrior_0-bspm_estF,epsp[20],epsp,20,,0.999490425797209
0001-2024cpueExPrior_0-bspm_estF,epsp[21],epsp,21,,1.00020251233147
0001-2024cpueExPrior_0-bspm_estF,epsp[22],epsp,22,,1.00022265509357
0001-2024cpueExPrior_0-bspm_estF,epsp[23],epsp,23,,0.998263267255507
0001-2024cpueExPrior_0-bspm_estF,epsp[24],epsp,24,,0.998040679725007
0001-2024cpueExPrior_0-bspm_estF,epsp[25],epsp,25,,0.999552561189219
0001-2024cpueExPrior_0-bspm_estF,epsp[26],epsp,26,,0.999093801936002
0001-2024cpueExPrior_0-bspm_estF,epsp[27],epsp,27,,1.00096244019859
0001-2024cpueExPrior_0-bspm_estF,epsp[28],epsp,28,,0.999079043197169
0001-2024cpueExPrior_0-bspm_estF,epsp[29],epsp,29,,1.00018358944159
0001-2024cpueExPrior_0-bspm_estF,epsp[30],epsp,30,,0.999578072437853
0001-2024cpueExPrior_0-bspm_estF,epsp[31],epsp,31,,1.0032815429075
0001-2024cpueExPrior_0-bspm_estF,epsp[32],epsp,32,,1.00068688703511
0001-2024cpueExPrior_0-bspm_estF,epsp[33],epsp,33,,0.997731423263209
0001-2024cpueExPrior_0-bspm_estF,epsp[34],epsp,34,,0.99962532365172
0001-2024cpueExPrior_0-bspm_estF,epsp[35],epsp,35,,1.00011035653597
0001-2024cpueExPrior_0-bspm_estF,epsp[36],epsp,36,,0.997244954718557
0001-2024cpueExPrior_0-bspm_estF,epsp[37],epsp,37,,0.99938910221452
0001-2024cpueExPrior_0-bspm_estF,epsp[38],epsp,38,,0.997259775046878
0001-2024cpueExPrior_0-bspm_estF,epsp[39],epsp,39,,0.99766166728258
0001-2024cpueExPrior_0-bspm_estF,epsp[40],epsp,40,,0.9984924983624
0001-2024cpueExPrior_0-bspm_estF,epsp[41],epsp,41,,1.00074649139858
0001-2024cpueExPrior_0-bspm_estF,epsp[42],epsp,42,,1.0020340515225
0001-2024cpueExPrior_0-bspm_estF,epsp[43],epsp,43,,0.998918880219221
0001-2024cpueExPrior_0-bspm_estF,epsp[44],epsp,44,,0.998906135474472
0001-2024cpueExPrior_0-bspm_estF,epsp[45],epsp,45,,0.997269420046588
0001-2024cpueExPrior_0-bspm_estF,epsp[46],epsp,46,,0.998330157461362
0001-2024cpueExPrior_0-bspm_estF,epsp[47],epsp,47,,0.997620883769932
0001-2024cpueExPrior_0-bspm_estF,epsp[48],epsp,48,,0.997492413528836
0001-2024cpueExPrior_0-bspm_estF,epsp[49],epsp,49,,1.00084314686532
0001-2024cpueExPrior_0-bspm_estF,epsp[50],epsp,50,,0.999737820119143
0001-2024cpueExPrior_0-bspm_estF,epsp[51],epsp,51,,1.00198744008432
0001-2024cpueExPrior_0-bspm_estF,epsp[52],epsp,52,,0.99976647002574
0001-2024cpueExPrior_0-bspm_estF,epsp[53],epsp,53,,0.996524247654775
0001-2024cpueExPrior_0-bspm_estF,epsp[54],epsp,54,,0.999721720118221
0001-2024cpueExPrior_0-bspm_estF,epsp[55],epsp,55,,0.999701232342704
0001-2024cpueExPrior_0-bspm_estF,epsp[56],epsp,56,,0.998968228320945
0001-2024cpueExPrior_0-bspm_estF,epsp[57],epsp,57,,0.997465850925803
0001-2024cpueExPrior_0-bspm_estF,epsp[58],epsp,58,,0.997949519858833
0001-2024cpueExPrior_0-bspm_estF,epsp[59],epsp,59,,1.00298985148417
0001-2024cpueExPrior_0-bspm_estF,epsp[60],epsp,60,,0.997718980571778
0001-2024cpueExPrior_0-bspm_estF,epsp[61],epsp,61,,0.996412282168502
0001-2024cpueExPrior_0-bspm_estF,epsp[62],epsp,62,,1.00204089492873
0001-2024cpueExPrior_0-bspm_estF,epsp[63],epsp,63,,0.999038492519439
0001-2024cpueExPrior_0-bspm_estF,epsp[64],epsp,64,,0.999180232259449
0001-2024cpueExPrior_0-bspm_estF,epsp[65],epsp,65,,0.999973820959389
0001-2024cpueExPrior_0-bspm_estF,epsp[66],epsp,66,,1.00324107363472
0001-2024cpueExPrior_0-bspm_estF,epsp[67],epsp,67,,0.999044025658152
0001-2024cpueExPrior_0-bspm_estF,epsp[68],epsp,68,,0.999085909950067
0001-2024cpueExPrior_0-bspm_estF,epsp[69],epsp,69,,1.00293050765493
0001-2024cpueExPrior_0-bspm_estF,epsp[70],epsp,70,,1.00029206105015
0001-2024cpueExPrior_0-bspm_estF,epsp[71],epsp,71,,1.00466671751342
0001-2024cpueExPrior_0-bspm_estF,sigmap,sigmap,,,0.998293457779644
0001-2024cpueExPrior_0-bspm_estF,shape,shape,,,1.00017054818669
0001-2024cpueExPrior_0-bspm_estF,sigmaf,sigmaf,,,0.996106095250755
0001-2024cpueExPrior_0-bspm_estF,F[1],F,1,,1.00218940931229
0001-2024cpueExPrior_0-bspm_estF,F[2],F,2,,0.997008290839425
0001-2024cpueExPrior_0-bspm_estF,F[3],F,3,,0.999375213632515
0001-2024cpueExPrior_0-bspm_estF,F[4],F,4,,0.99934305045465
0001-2024cpueExPrior_0-bspm_estF,F[5],F,5,,1.00506278853697
0001-2024cpueExPrior_0-bspm_estF,F[6],F,6,,0.997674027321564
0001-2024cpueExPrior_0-bspm_estF,F[7],F,7,,0.999215579193692
0001-2024cpueExPrior_0-bspm_estF,F[8],F,8,,0.997802337938072
0001-2024cpueExPrior_0-bspm_estF,F[9],F,9,,0.996969577790708
0001-2024cpueExPrior_0-bspm_estF,F[10],F,10,,0.999088892636252
0001-2024cpueExPrior_0-bspm_estF,F[11],F,11,,0.997402924586814
0001-2024cpueExPrior_0-bspm_estF,F[12],F,12,,0.998171348273962
0001-2024cpueExPrior_0-bspm_estF,F[13],F,13,,0.999288202230549
0001-2024cpueExPrior_0-bspm_estF,F[14],F,14,,0.998460223025316
0001-2024cpueExPrior_0-bspm_estF,F[15],F,15,,0.99873165495473
0001-2024cpueExPrior_0-bspm_estF,F[16],F,16,,0.997726099530365
0001-2024cpueExPrior_0-bspm_estF,F[17],F,17,,0.997586679315708
0001-2024cpueExPrior_0-bspm_estF,F[18],F,18,,0.999051972460592
0001-2024cpueExPrior_0-bspm_estF,F[19],F,19,,1.00275486123132
0001-2024cpueExPrior_0-bspm_estF,F[20],F,20,,0.99657701294739
0001-2024cpueExPrior_0-bspm_estF,F[21],F,21,,1.00225177862182
0001-2024cpueExPrior_0-bspm_estF,F[22],F,22,,0.999558594127023
0001-2024cpueExPrior_0-bspm_estF,F[23],F,23,,0.998844376081845
0001-2024cpueExPrior_0-bspm_estF,F[24],F,24,,1.00333565568342
0001-2024cpueExPrior_0-bspm_estF,F[25],F,25,,0.99917471395331
0001-2024cpueExPrior_0-bspm_estF,F[26],F,26,,0.997864633640669
0001-2024cpueExPrior_0-bspm_estF,F[27],F,27,,1.00022031324
0001-2024cpueExPrior_0-bspm_estF,F[28],F,28,,0.998009610254828
0001-2024cpueExPrior_0-bspm_estF,F[29],F,29,,0.998590516907762
0001-2024cpueExPrior_0-bspm_estF,F[30],F,30,,0.997521037364337
0001-2024cpueExPrior_0-bspm_estF,F[31],F,31,,0.997762510638246
0001-2024cpueExPrior_0-bspm_estF,F[32],F,32,,0.996897988583462
0001-2024cpueExPrior_0-bspm_estF,F[33],F,33,,0.998471332790953
0001-2024cpueExPrior_0-bspm_estF,F[34],F,34,,1.00031374563939
0001-2024cpueExPrior_0-bspm_estF,F[35],F,35,,1.00079918720107
0001-2024cpueExPrior_0-bspm_estF,F[36],F,36,,1.00141994759693
0001-2024cpueExPrior_0-bspm_estF,F[37],F,37,,1.00298770430572
0001-2024cpueExPrior_0-bspm_estF,F[38],F,38,,0.997532190888088
0001-2024cpueExPrior_0-bspm_estF,F[39],F,39,,0.997350016162678
0001-2024cpueExPrior_0-bspm_estF,F[40],F,40,,0.999573006313169
0001-2024cpueExPrior_0-bspm_estF,F[41],F,41,,0.99731738007187
0001-2024cpueExPrior_0-bspm_estF,F[42],F,42,,0.998108479691474
0001-2024cpueExPrior_0-bspm_estF,F[43],F,43,,1.00059654007283
0001-2024cpueExPrior_0-bspm_estF,F[44],F,44,,1.00205883841604
0001-2024cpueExPrior_0-bspm_estF,F[45],F,45,,0.998430164326642
0001-2024cpueExPrior_0-bspm_estF,F[46],F,46,,0.998781921035992
0001-2024cpueExPrior_0-bspm_estF,F[47],F,47,,0.999371517271807
0001-2024cpueExPrior_0-bspm_estF,F[48],F,48,,0.996360036541815
0001-2024cpueExPrior_0-bspm_estF,F[49],F,49,,0.998895284129131
0001-2024cpueExPrior_0-bspm_estF,F[50],F,50,,1.00563347501059
0001-2024cpueExPrior_0-bspm_estF,F[51],F,51,,0.998311194925519
0001-2024cpueExPrior_0-bspm_estF,F[52],F,52,,0.996937631938061
0001-2024cpueExPrior_0-bspm_estF,F[53],F,53,,1.0073738144889
0001-2024cpueExPrior_0-bspm_estF,F[54],F,54,,0.999486322840106
0001-2024cpueExPrior_0-bspm_estF,F[55],F,55,,0.998737672761963
0001-2024cpueExPrior_0-bspm_estF,F[56],F,56,,0.999569772453685
0001-2024cpueExPrior_0-bspm_estF,F[57],F,57,,0.999407412654461
0001-2024cpueExPrior_0-bspm_estF,F[58],F,58,,0.999639747850224
0001-2024cpueExPrior_0-bspm_estF,F[59],F,59,,0.996284722043763
0001-2024cpueExPrior_0-bspm_estF,F[60],F,60,,0.999436370625823
0001-2024cpueExPrior_0-bspm_estF,F[61],F,61,,0.999034528669397
0001-2024cpueExPrior_0-bspm_estF,F[62],F,62,,0.998641375846919
0001-2024cpueExPrior_0-bspm_estF,F[63],F,63,,1.0023191336991
0001-2024cpueExPrior_0-bspm_estF,F[64],F,64,,0.996766820900743
0001-2024cpueExPrior_0-bspm_estF,F[65],F,65,,0.998111237366768
0001-2024cpueExPrior_0-bspm_estF,F[66],F,66,,1.00186619522106
0001-2024cpueExPrior_0-bspm_estF,F[67],F,67,,0.998315235062209
0001-2024cpueExPrior_0-bspm_estF,F[68],F,68,,1.00018951978804
0001-2024cpueExPrior_0-bspm_estF,F[69],F,69,,1.0010976305435
0001-2024cpueExPrior_0-bspm_estF,F[70],F,70,,1.00008542772355
0001-2024cpueExPrior_0-bspm_estF,sigmap2,sigmap2,,,0.99807900330324
0001-2024cpueExPrior_0-bspm_estF,"sigmao[1,1]",sigmao,1,1,1.0006338887901
0001-2024cpueExPrior_0-bspm_estF,"sigmao[1,2]",sigmao,1,2,1.0006338887901
0001-2024cpueExPrior_0-bspm_estF,"sigmao[2,1]",sigmao,2,1,1.0006338887901
0001-2024cpueExPrior_0-bspm_estF,"sigmao[2,2]",sigmao,2,2,1.0006338887901
0001-2024cpueExPrior_0-bspm_estF,"sigmao[3,1]",sigmao,3,1,1.0006338887901
0001-2024cpueExPrior_0-bspm_estF,"sigmao[3,2]",sigmao,3,2,1.0006338887901
0001-2024cpueExPrior_0-bspm_estF,"sigmao[4,1]",sigmao,4,1,1.0006338887901
0001-2024cpueExPrior_0-bspm_estF,"sigmao[4,2]",sigmao,4,2,1.0006338887901
0001-2024cpueExPrior_0-bspm_estF,"sigmao[5,1]",sigmao,5,1,1.0006338887901
0001-2024cpueExPrior_0-bspm_estF,"sigmao[5,2]",sigmao,5,2,1.0006338887901
0001-2024cpueExPrior_0-bspm_estF,"sigmao[6,1]",sigmao,6,1,1.0006338887901
0001-2024cpueExPrior_0-bspm_estF,"sigmao[6,2]",sigmao,6,2,1.0006338887901
0001-2024cpueExPrior_0-bspm_estF,"sigmao[7,1]",sigmao,7,1,1.0006338887901
0001-2024cpueExPrior_0-bspm_estF,"sigmao[7,2]",sigmao,7,2,1.0006338887901
0001-2024cpueExPrior_0-bspm_estF,"sigmao[8,1]",sigmao,8,1,1.0006338887901
0001-2024cpueExPrior_0-bspm_estF,"sigmao[8,2]",sigmao,8,2,1.0006338887901
0001-2024cpueExPrior_0-bspm_estF,"sigmao[9,1]",sigmao,9,1,1.0006338887901
0001-2024cpueExPrior_0-bspm_estF,"sigmao[9,2]",sigmao,9,2,1.0006338887901
0001-2024cpueExPrior_0-bspm_estF,"sigmao[10,1]",sigmao,10,1,1.0006338887901
0001-2024cpueExPrior_0-bspm_estF,"sigmao[10,2]",sigmao,10,2,1.0006338887901
0001-2024cpueExPrior_0-bspm_estF,"sigmao[11,1]",sigmao,11,1,1.0006338887901
0001-2024cpueExPrior_0-bspm_estF,"sigmao[11,2]",sigmao,11,2,1.0006338887901
0001-2024cpueExPrior_0-bspm_estF,"sigmao[12,1]",sigmao,12,1,1.0006338887901
0001-2024cpueExPrior_0-bspm_estF,"sigmao[12,2]",sigmao,12,2,1.0006338887901
0001-2024cpueExPrior_0-bspm_estF,"sigmao[13,1]",sigmao,13,1,1.0006338887901
0001-2024cpueExPrior_0-bspm_estF,"sigmao[13,2]",sigmao,13,2,1.0006338887901
0001-2024cpueExPrior_0-bspm_estF,"sigmao[14,1]",sigmao,14,1,1.0006338887901
0001-2024cpueExPrior_0-bspm_estF,"sigmao[14,2]",sigmao,14,2,1.0006338887901
0001-2024cpueExPrior_0-bspm_estF,"sigmao[15,1]",sigmao,15,1,1.0006338887901
0001-2024cpueExPrior_0-bspm_estF,"sigmao[15,2]",sigmao,15,2,1.0006338887901
0001-2024cpueExPrior_0-bspm_estF,"sigmao[16,1]",sigmao,16,1,1.0006338887901
0001-2024cpueExPrior_0-bspm_estF,"sigmao[16,2]",sigmao,16,2,1.0006338887901
0001-2024cpueExPrior_0-bspm_estF,"sigmao[17,1]",sigmao,17,1,1.0006338887901
0001-2024cpueExPrior_0-bspm_estF,"sigmao[17,2]",sigmao,17,2,1.0006338887901
0001-2024cpueExPrior_0-bspm_estF,"sigmao[18,1]",sigmao,18,1,1.0006338887901
0001-2024cpueExPrior_0-bspm_estF,"sigmao[18,2]",sigmao,18,2,1.0006338887901
0001-2024cpueExPrior_0-bspm_estF,"sigmao[19,1]",sigmao,19,1,1.0006338887901
0001-2024cpueExPrior_0-bspm_estF,"sigmao[19,2]",sigmao,19,2,1.0006338887901
0001-2024cpueExPrior_0-bspm_estF,"sigmao[20,1]",sigmao,20,1,1.0006338887901
0001-2024cpueExPrior_0-bspm_estF,"sigmao[20,2]",sigmao,20,2,1.0006338887901
0001-2024cpueExPrior_0-bspm_estF,"sigmao[21,1]",sigmao,21,1,1.0006338887901
0001-2024cpueExPrior_0-bspm_estF,"sigmao[21,2]",sigmao,21,2,1.0006338887901
0001-2024cpueExPrior_0-bspm_estF,"sigmao[22,1]",sigmao,22,1,1.0006338887901
0001-2024cpueExPrior_0-bspm_estF,"sigmao[22,2]",sigmao,22,2,1.0006338887901
0001-2024cpueExPrior_0-bspm_estF,"sigmao[23,1]",sigmao,23,1,1.0006338887901
0001-2024cpueExPrior_0-bspm_estF,"sigmao[23,2]",sigmao,23,2,1.0006338887901
0001-2024cpueExPrior_0-bspm_estF,"sigmao[24,1]",sigmao,24,1,1.0006338887901
0001-2024cpueExPrior_0-bspm_estF,"sigmao[24,2]",sigmao,24,2,1.0006338887901
0001-2024cpueExPrior_0-bspm_estF,"sigmao[25,1]",sigmao,25,1,1.0006338887901
0001-2024cpueExPrior_0-bspm_estF,"sigmao[25,2]",sigmao,25,2,1.0006338887901
0001-2024cpueExPrior_0-bspm_estF,"sigmao[26,1]",sigmao,26,1,1.0006338887901
0001-2024cpueExPrior_0-bspm_estF,"sigmao[26,2]",sigmao,26,2,1.0006338887901
0001-2024cpueExPrior_0-bspm_estF,"sigmao[27,1]",sigmao,27,1,1.0006338887901
0001-2024cpueExPrior_0-bspm_estF,"sigmao[27,2]",sigmao,27,2,1.0006338887901
0001-2024cpueExPrior_0-bspm_estF,"sigmao[28,1]",sigmao,28,1,1.0006338887901
0001-2024cpueExPrior_0-bspm_estF,"sigmao[28,2]",sigmao,28,2,1.0006338887901
0001-2024cpueExPrior_0-bspm_estF,"sigmao[29,1]",sigmao,29,1,1.0006338887901
0001-2024cpueExPrior_0-bspm_estF,"sigmao[29,2]",sigmao,29,2,1.0006338887901
0001-2024cpueExPrior_0-bspm_estF,"sigmao[30,1]",sigmao,30,1,1.0006338887901
0001-2024cpueExPrior_0-bspm_estF,"sigmao[30,2]",sigmao,30,2,1.0006338887901
0001-2024cpueExPrior_0-bspm_estF,"sigmao[31,1]",sigmao,31,1,1.0006338887901
0001-2024cpueExPrior_0-bspm_estF,"sigmao[31,2]",sigmao,31,2,1.0006338887901
0001-2024cpueExPrior_0-bspm_estF,"sigmao[32,1]",sigmao,32,1,1.0006338887901
0001-2024cpueExPrior_0-bspm_estF,"sigmao[32,2]",sigmao,32,2,1.0006338887901
0001-2024cpueExPrior_0-bspm_estF,"sigmao[33,1]",sigmao,33,1,1.0006338887901
0001-2024cpueExPrior_0-bspm_estF,"sigmao[33,2]",sigmao,33,2,1.0006338887901
0001-2024cpueExPrior_0-bspm_estF,"sigmao[34,1]",sigmao,34,1,1.0006338887901
0001-2024cpueExPrior_0-bspm_estF,"sigmao[34,2]",sigmao,34,2,1.0006338887901
0001-2024cpueExPrior_0-bspm_estF,"sigmao[35,1]",sigmao,35,1,1.0006338887901
0001-2024cpueExPrior_0-bspm_estF,"sigmao[35,2]",sigmao,35,2,1.0006338887901
0001-2024cpueExPrior_0-bspm_estF,"sigmao[36,1]",sigmao,36,1,1.0006338887901
0001-2024cpueExPrior_0-bspm_estF,"sigmao[36,2]",sigmao,36,2,1.0006338887901
0001-2024cpueExPrior_0-bspm_estF,"sigmao[37,1]",sigmao,37,1,1.0006338887901
0001-2024cpueExPrior_0-bspm_estF,"sigmao[37,2]",sigmao,37,2,1.0006338887901
0001-2024cpueExPrior_0-bspm_estF,"sigmao[38,1]",sigmao,38,1,1.0006338887901
0001-2024cpueExPrior_0-bspm_estF,"sigmao[38,2]",sigmao,38,2,1.0006338887901
0001-2024cpueExPrior_0-bspm_estF,"sigmao[39,1]",sigmao,39,1,1.0006338887901
0001-2024cpueExPrior_0-bspm_estF,"sigmao[39,2]",sigmao,39,2,1.0006338887901
0001-2024cpueExPrior_0-bspm_estF,"sigmao[40,1]",sigmao,40,1,1.0006338887901
0001-2024cpueExPrior_0-bspm_estF,"sigmao[40,2]",sigmao,40,2,1.0006338887901
0001-2024cpueExPrior_0-bspm_estF,"sigmao[41,1]",sigmao,41,1,1.0006338887901
0001-2024cpueExPrior_0-bspm_estF,"sigmao[41,2]",sigmao,41,2,1.0006338887901
0001-2024cpueExPrior_0-bspm_estF,"sigmao[42,1]",sigmao,42,1,1.0006338887901
0001-2024cpueExPrior_0-bspm_estF,"sigmao[42,2]",sigmao,42,2,1.0006338887901
0001-2024cpueExPrior_0-bspm_estF,"sigmao[43,1]",sigmao,43,1,1.0006338887901
0001-2024cpueExPrior_0-bspm_estF,"sigmao[43,2]",sigmao,43,2,1.0006338887901
0001-2024cpueExPrior_0-bspm_estF,"sigmao[44,1]",sigmao,44,1,1.0006338887901
0001-2024cpueExPrior_0-bspm_estF,"sigmao[44,2]",sigmao,44,2,1.0006338887901
0001-2024cpueExPrior_0-bspm_estF,"sigmao[45,1]",sigmao,45,1,1.0006338887901
0001-2024cpueExPrior_0-bspm_estF,"sigmao[45,2]",sigmao,45,2,1.0006338887901
0001-2024cpueExPrior_0-bspm_estF,"sigmao[46,1]",sigmao,46,1,1.0006338887901
0001-2024cpueExPrior_0-bspm_estF,"sigmao[46,2]",sigmao,46,2,1.0006338887901
0001-2024cpueExPrior_0-bspm_estF,"sigmao[47,1]",sigmao,47,1,1.0006338887901
0001-2024cpueExPrior_0-bspm_estF,"sigmao[47,2]",sigmao,47,2,1.0006338887901
0001-2024cpueExPrior_0-bspm_estF,"sigmao[48,1]",sigmao,48,1,1.0006338887901
0001-2024cpueExPrior_0-bspm_estF,"sigmao[48,2]",sigmao,48,2,1.0006338887901
0001-2024cpueExPrior_0-bspm_estF,"sigmao[49,1]",sigmao,49,1,1.0006338887901
0001-2024cpueExPrior_0-bspm_estF,"sigmao[49,2]",sigmao,49,2,1.0006338887901
0001-2024cpueExPrior_0-bspm_estF,"sigmao[50,1]",sigmao,50,1,1.0006338887901
0001-2024cpueExPrior_0-bspm_estF,"sigmao[50,2]",sigmao,50,2,1.0006338887901
0001-2024cpueExPrior_0-bspm_estF,"sigmao[51,1]",sigmao,51,1,1.0006338887901
0001-2024cpueExPrior_0-bspm_estF,"sigmao[51,2]",sigmao,51,2,1.0006338887901
0001-2024cpueExPrior_0-bspm_estF,"sigmao[52,1]",sigmao,52,1,1.0006338887901
0001-2024cpueExPrior_0-bspm_estF,"sigmao[52,2]",sigmao,52,2,1.0006338887901
0001-2024cpueExPrior_0-bspm_estF,"sigmao[53,1]",sigmao,53,1,1.0006338887901
0001-2024cpueExPrior_0-bspm_estF,"sigmao[53,2]",sigmao,53,2,1.0006338887901
0001-2024cpueExPrior_0-bspm_estF,"sigmao[54,1]",sigmao,54,1,1.0006338887901
0001-2024cpueExPrior_0-bspm_estF,"sigmao[54,2]",sigmao,54,2,1.0006338887901
0001-2024cpueExPrior_0-bspm_estF,"sigmao[55,1]",sigmao,55,1,1.0006338887901
0001-2024cpueExPrior_0-bspm_estF,"sigmao[55,2]",sigmao,55,2,1.0006338887901
0001-2024cpueExPrior_0-bspm_estF,"sigmao[56,1]",sigmao,56,1,1.0006338887901
0001-2024cpueExPrior_0-bspm_estF,"sigmao[56,2]",sigmao,56,2,1.0006338887901
0001-2024cpueExPrior_0-bspm_estF,"sigmao[57,1]",sigmao,57,1,1.0006338887901
0001-2024cpueExPrior_0-bspm_estF,"sigmao[57,2]",sigmao,57,2,1.0006338887901
0001-2024cpueExPrior_0-bspm_estF,"sigmao[58,1]",sigmao,58,1,1.0006338887901
0001-2024cpueExPrior_0-bspm_estF,"sigmao[58,2]",sigmao,58,2,1.0006338887901
0001-2024cpueExPrior_0-bspm_estF,"sigmao[59,1]",sigmao,59,1,1.0006338887901
0001-2024cpueExPrior_0-bspm_estF,"sigmao[59,2]",sigmao,59,2,1.0006338887901
0001-2024cpueExPrior_0-bspm_estF,"sigmao[60,1]",sigmao,60,1,1.0006338887901
0001-2024cpueExPrior_0-bspm_estF,"sigmao[60,2]",sigmao,60,2,1.0006338887901
0001-2024cpueExPrior_0-bspm_estF,"sigmao[61,1]",sigmao,61,1,1.0006338887901
0001-2024cpueExPrior_0-bspm_estF,"sigmao[61,2]",sigmao,61,2,1.0006338887901
0001-2024cpueExPrior_0-bspm_estF,"sigmao[62,1]",sigmao,62,1,1.0006338887901
0001-2024cpueExPrior_0-bspm_estF,"sigmao[62,2]",sigmao,62,2,1.0006338887901
0001-2024cpueExPrior_0-bspm_estF,"sigmao[63,1]",sigmao,63,1,1.0006338887901
0001-2024cpueExPrior_0-bspm_estF,"sigmao[63,2]",sigmao,63,2,1.0006338887901
0001-2024cpueExPrior_0-bspm_estF,"sigmao[64,1]",sigmao,64,1,1.0006338887901
0001-2024cpueExPrior_0-bspm_estF,"sigmao[64,2]",sigmao,64,2,1.0006338887901
0001-2024cpueExPrior_0-bspm_estF,"sigmao[65,1]",sigmao,65,1,1.0006338887901
0001-2024cpueExPrior_0-bspm_estF,"sigmao[65,2]",sigmao,65,2,1.0006338887901
0001-2024cpueExPrior_0-bspm_estF,"sigmao[66,1]",sigmao,66,1,1.0006338887901
0001-2024cpueExPrior_0-bspm_estF,"sigmao[66,2]",sigmao,66,2,1.0006338887901
0001-2024cpueExPrior_0-bspm_estF,"sigmao[67,1]",sigmao,67,1,1.0006338887901
0001-2024cpueExPrior_0-bspm_estF,"sigmao[67,2]",sigmao,67,2,1.0006338887901
0001-2024cpueExPrior_0-bspm_estF,"sigmao[68,1]",sigmao,68,1,1.0006338887901
0001-2024cpueExPrior_0-bspm_estF,"sigmao[68,2]",sigmao,68,2,1.0006338887901
0001-2024cpueExPrior_0-bspm_estF,"sigmao[69,1]",sigmao,69,1,1.0006338887901
0001-2024cpueExPrior_0-bspm_estF,"sigmao[69,2]",sigmao,69,2,1.0006338887901
0001-2024cpueExPrior_0-bspm_estF,"sigmao[70,1]",sigmao,70,1,1.0006338887901
0001-2024cpueExPrior_0-bspm_estF,"sigmao[70,2]",sigmao,70,2,1.0006338887901
0001-2024cpueExPrior_0-bspm_estF,"sigmao[71,1]",sigmao,71,1,1.0006338887901
0001-2024cpueExPrior_0-bspm_estF,"sigmao[71,2]",sigmao,71,2,1.0006338887901
0001-2024cpueExPrior_0-bspm_estF,sigmao_sc,sigmao_sc,,,1.0006338887901
0001-2024cpueExPrior_0-bspm_estF,sigmao_add,sigmao_add,,,1.0006338887901
0001-2024cpueExPrior_0-bspm_estF,n,n,,,1.00017054818669
0001-2024cpueExPrior_0-bspm_estF,dmsy,dmsy,,,1.00028961479196
0001-2024cpueExPrior_0-bspm_estF,h,h,,,1.00028961479196
0001-2024cpueExPrior_0-bspm_estF,m,m,,,0.998475893162279
0001-2024cpueExPrior_0-bspm_estF,g,g,,,1.00120162861449
0001-2024cpueExPrior_0-bspm_estF,removals[1],removals,1,,1.00443773217762
0001-2024cpueExPrior_0-bspm_estF,removals[2],removals,2,,0.999227737230523
0001-2024cpueExPrior_0-bspm_estF,removals[3],removals,3,,0.998953104025215
0001-2024cpueExPrior_0-bspm_estF,removals[4],removals,4,,1.00155080115242
0001-2024cpueExPrior_0-bspm_estF,removals[5],removals,5,,1.00517973875182
0001-2024cpueExPrior_0-bspm_estF,removals[6],removals,6,,0.998723388763518
0001-2024cpueExPrior_0-bspm_estF,removals[7],removals,7,,1.00192264539252
0001-2024cpueExPrior_0-bspm_estF,removals[8],removals,8,,0.998396619180949
0001-2024cpueExPrior_0-bspm_estF,removals[9],removals,9,,0.996579806073184
0001-2024cpueExPrior_0-bspm_estF,removals[10],removals,10,,0.998626116721848
0001-2024cpueExPrior_0-bspm_estF,removals[11],removals,11,,0.999196900663766
0001-2024cpueExPrior_0-bspm_estF,removals[12],removals,12,,0.998193588514514
0001-2024cpueExPrior_0-bspm_estF,removals[13],removals,13,,0.997974322237111
0001-2024cpueExPrior_0-bspm_estF,removals[14],removals,14,,1.00102104731145
0001-2024cpueExPrior_0-bspm_estF,removals[15],removals,15,,1.00115842561404
0001-2024cpueExPrior_0-bspm_estF,removals[16],removals,16,,1.00042540645521
0001-2024cpueExPrior_0-bspm_estF,removals[17],removals,17,,0.998423013163665
0001-2024cpueExPrior_0-bspm_estF,removals[18],removals,18,,0.999629777608656
0001-2024cpueExPrior_0-bspm_estF,removals[19],removals,19,,1.00126637540217
0001-2024cpueExPrior_0-bspm_estF,removals[20],removals,20,,0.998592769269951
0001-2024cpueExPrior_0-bspm_estF,removals[21],removals,21,,1.00805684285185
0001-2024cpueExPrior_0-bspm_estF,removals[22],removals,22,,0.998318853871143
0001-2024cpueExPrior_0-bspm_estF,removals[23],removals,23,,0.999337532233386
0001-2024cpueExPrior_0-bspm_estF,removals[24],removals,24,,1.00305262674152
0001-2024cpueExPrior_0-bspm_estF,removals[25],removals,25,,0.998517267173228
0001-2024cpueExPrior_0-bspm_estF,removals[26],removals,26,,0.998784494005545
0001-2024cpueExPrior_0-bspm_estF,removals[27],removals,27,,0.998245654441695
0001-2024cpueExPrior_0-bspm_estF,removals[28],removals,28,,0.99677836748576
0001-2024cpueExPrior_0-bspm_estF,removals[29],removals,29,,0.999116233052354
0001-2024cpueExPrior_0-bspm_estF,removals[30],removals,30,,0.997925329435179
0001-2024cpueExPrior_0-bspm_estF,removals[31],removals,31,,0.998105598968287
0001-2024cpueExPrior_0-bspm_estF,removals[32],removals,32,,0.996999492657171
0001-2024cpueExPrior_0-bspm_estF,removals[33],removals,33,,0.998637161308775
0001-2024cpueExPrior_0-bspm_estF,removals[34],removals,34,,1.0012497978577
0001-2024cpueExPrior_0-bspm_estF,removals[35],removals,35,,1.00024354533632
0001-2024cpueExPrior_0-bspm_estF,removals[36],removals,36,,1.00261547131214
0001-2024cpueExPrior_0-bspm_estF,removals[37],removals,37,,1.0051428659053
0001-2024cpueExPrior_0-bspm_estF,removals[38],removals,38,,0.999601884508103
0001-2024cpueExPrior_0-bspm_estF,removals[39],removals,39,,1.00113506738215
0001-2024cpueExPrior_0-bspm_estF,removals[40],removals,40,,0.998230701923542
0001-2024cpueExPrior_0-bspm_estF,removals[41],removals,41,,0.998283591744433
0001-2024cpueExPrior_0-bspm_estF,removals[42],removals,42,,0.999008091997399
0001-2024cpueExPrior_0-bspm_estF,removals[43],removals,43,,1.00286108607058
0001-2024cpueExPrior_0-bspm_estF,removals[44],removals,44,,0.998984667851691
0001-2024cpueExPrior_0-bspm_estF,removals[45],removals,45,,0.998206117385688
0001-2024cpueExPrior_0-bspm_estF,removals[46],removals,46,,0.998564068148704
0001-2024cpueExPrior_0-bspm_estF,removals[47],removals,47,,1.00007496359936
0001-2024cpueExPrior_0-bspm_estF,removals[48],removals,48,,0.996791481812925
0001-2024cpueExPrior_0-bspm_estF,removals[49],removals,49,,0.998988378512968
0001-2024cpueExPrior_0-bspm_estF,removals[50],removals,50,,1.00988686984354
0001-2024cpueExPrior_0-bspm_estF,removals[51],removals,51,,0.997944346417617
0001-2024cpueExPrior_0-bspm_estF,removals[52],removals,52,,0.997277877016811
0001-2024cpueExPrior_0-bspm_estF,removals[53],removals,53,,1.00511462471592
0001-2024cpueExPrior_0-bspm_estF,removals[54],removals,54,,1.00003954806071
0001-2024cpueExPrior_0-bspm_estF,removals[55],removals,55,,0.999981168500066
0001-2024cpueExPrior_0-bspm_estF,removals[56],removals,56,,0.998337337746945
0001-2024cpueExPrior_0-bspm_estF,removals[57],removals,57,,1.00082180242567
0001-2024cpueExPrior_0-bspm_estF,removals[58],removals,58,,1.00009503638189
0001-2024cpueExPrior_0-bspm_estF,removals[59],removals,59,,0.997662518576293
0001-2024cpueExPrior_0-bspm_estF,removals[60],removals,60,,1.00051307543827
0001-2024cpueExPrior_0-bspm_estF,removals[61],removals,61,,1.00018490068701
0001-2024cpueExPrior_0-bspm_estF,removals[62],removals,62,,0.998175372746928
0001-2024cpueExPrior_0-bspm_estF,removals[63],removals,63,,1.00526606274904
0001-2024cpueExPrior_0-bspm_estF,removals[64],removals,64,,0.996490862442852
0001-2024cpueExPrior_0-bspm_estF,removals[65],removals,65,,0.997946954450889
0001-2024cpueExPrior_0-bspm_estF,removals[66],removals,66,,1.00287311508762
0001-2024cpueExPrior_0-bspm_estF,removals[67],removals,67,,0.999485975749221
0001-2024cpueExPrior_0-bspm_estF,removals[68],removals,68,,1.00103288358675
0001-2024cpueExPrior_0-bspm_estF,removals[69],removals,69,,1.0033711476113
0001-2024cpueExPrior_0-bspm_estF,removals[70],removals,70,,1.00559961503387
0001-2024cpueExPrior_0-bspm_estF,x[1],x,1,,1.00284574964438
0001-2024cpueExPrior_0-bspm_estF,x[2],x,2,,1.00104274224674
0001-2024cpueExPrior_0-bspm_estF,x[3],x,3,,0.998305664681407
0001-2024cpueExPrior_0-bspm_estF,x[4],x,4,,0.998665128173589
0001-2024cpueExPrior_0-bspm_estF,x[5],x,5,,1.00226469244026
0001-2024cpueExPrior_0-bspm_estF,x[6],x,6,,0.999517573287287
0001-2024cpueExPrior_0-bspm_estF,x[7],x,7,,0.998429382847475
0001-2024cpueExPrior_0-bspm_estF,x[8],x,8,,0.996551509386978
0001-2024cpueExPrior_0-bspm_estF,x[9],x,9,,0.997378888067926
0001-2024cpueExPrior_0-bspm_estF,x[10],x,10,,0.997635382910949
0001-2024cpueExPrior_0-bspm_estF,x[11],x,11,,0.998617098218113
0001-2024cpueExPrior_0-bspm_estF,x[12],x,12,,0.997718310894565
0001-2024cpueExPrior_0-bspm_estF,x[13],x,13,,0.997246750859086
0001-2024cpueExPrior_0-bspm_estF,x[14],x,14,,0.999149362903369
0001-2024cpueExPrior_0-bspm_estF,x[15],x,15,,0.99774192804001
0001-2024cpueExPrior_0-bspm_estF,x[16],x,16,,0.997019270454864
0001-2024cpueExPrior_0-bspm_estF,x[17],x,17,,0.995682131370596
0001-2024cpueExPrior_0-bspm_estF,x[18],x,18,,0.99699824756944
0001-2024cpueExPrior_0-bspm_estF,x[19],x,19,,0.997739717487513
0001-2024cpueExPrior_0-bspm_estF,x[20],x,20,,0.999552738486023
0001-2024cpueExPrior_0-bspm_estF,x[21],x,21,,0.996588023381002
0001-2024cpueExPrior_0-bspm_estF,x[22],x,22,,0.997588963992598
0001-2024cpueExPrior_0-bspm_estF,x[23],x,23,,0.997688842037282
0001-2024cpueExPrior_0-bspm_estF,x[24],x,24,,0.997681036537921
0001-2024cpueExPrior_0-bspm_estF,x[25],x,25,,0.998976749985134
0001-2024cpueExPrior_0-bspm_estF,x[26],x,26,,0.998245677613565
0001-2024cpueExPrior_0-bspm_estF,x[27],x,27,,0.999756449562737
0001-2024cpueExPrior_0-bspm_estF,x[28],x,28,,0.996416745554812
0001-2024cpueExPrior_0-bspm_estF,x[29],x,29,,0.996674630816137
0001-2024cpueExPrior_0-bspm_estF,x[30],x,30,,0.995728777259906
0001-2024cpueExPrior_0-bspm_estF,x[31],x,31,,0.997484799181927
0001-2024cpueExPrior_0-bspm_estF,x[32],x,32,,0.996832300922384
0001-2024cpueExPrior_0-bspm_estF,x[33],x,33,,0.997331383775435
0001-2024cpueExPrior_0-bspm_estF,x[34],x,34,,0.997482147975881
0001-2024cpueExPrior_0-bspm_estF,x[35],x,35,,0.996765542325935
0001-2024cpueExPrior_0-bspm_estF,x[36],x,36,,0.997834359712216
0001-2024cpueExPrior_0-bspm_estF,x[37],x,37,,0.999127716679428
0001-2024cpueExPrior_0-bspm_estF,x[38],x,38,,0.99975885391192
0001-2024cpueExPrior_0-bspm_estF,x[39],x,39,,0.999389788384508
0001-2024cpueExPrior_0-bspm_estF,x[40],x,40,,0.998317987121562
0001-2024cpueExPrior_0-bspm_estF,x[41],x,41,,0.997905266898251
0001-2024cpueExPrior_0-bspm_estF,x[42],x,42,,0.997953869394401
0001-2024cpueExPrior_0-bspm_estF,x[43],x,43,,0.998474318050662
0001-2024cpueExPrior_0-bspm_estF,x[44],x,44,,0.999769089042812
0001-2024cpueExPrior_0-bspm_estF,x[45],x,45,,0.998882629215406
0001-2024cpueExPrior_0-bspm_estF,x[46],x,46,,1.00014438787676
0001-2024cpueExPrior_0-bspm_estF,x[47],x,47,,0.998151587624667
0001-2024cpueExPrior_0-bspm_estF,x[48],x,48,,0.997183020338767
0001-2024cpueExPrior_0-bspm_estF,x[49],x,49,,0.997135226638518
0001-2024cpueExPrior_0-bspm_estF,x[50],x,50,,0.996901887911554
0001-2024cpueExPrior_0-bspm_estF,x[51],x,51,,0.99808082188249
0001-2024cpueExPrior_0-bspm_estF,x[52],x,52,,0.996292282736496
0001-2024cpueExPrior_0-bspm_estF,x[53],x,53,,0.996309497732847
0001-2024cpueExPrior_0-bspm_estF,x[54],x,54,,0.997497700247035
0001-2024cpueExPrior_0-bspm_estF,x[55],x,55,,0.999648562483146
0001-2024cpueExPrior_0-bspm_estF,x[56],x,56,,0.998103650791237
0001-2024cpueExPrior_0-bspm_estF,x[57],x,57,,0.99691627565313
0001-2024cpueExPrior_0-bspm_estF,x[58],x,58,,0.997285982745444
0001-2024cpueExPrior_0-bspm_estF,x[59],x,59,,0.998340132746834
0001-2024cpueExPrior_0-bspm_estF,x[60],x,60,,0.998885336752419
0001-2024cpueExPrior_0-bspm_estF,x[61],x,61,,0.997748420311594
0001-2024cpueExPrior_0-bspm_estF,x[62],x,62,,0.99934045344237
0001-2024cpueExPrior_0-bspm_estF,x[63],x,63,,0.999335770381254
0001-2024cpueExPrior_0-bspm_estF,x[64],x,64,,0.999767337324804
0001-2024cpueExPrior_0-bspm_estF,x[65],x,65,,0.999062389978408
0001-2024cpueExPrior_0-bspm_estF,x[66],x,66,,1.00046948566495
0001-2024cpueExPrior_0-bspm_estF,x[67],x,67,,1.00003129665393
0001-2024cpueExPrior_0-bspm_estF,x[68],x,68,,0.997946771416966
0001-2024cpueExPrior_0-bspm_estF,x[69],x,69,,0.997764138038824
0001-2024cpueExPrior_0-bspm_estF,x[70],x,70,,0.997412890133513
0001-2024cpueExPrior_0-bspm_estF,x[71],x,71,,0.999758287766551
0001-2024cpueExPrior_0-bspm_estF,q[1],q,1,,0.996919241841334
0001-2024cpueExPrior_0-bspm_estF,q[2],q,2,,0.996919241841334
0001-2024cpueExPrior_0-bspm_estF,lp__,lp__,,,1.00078920892055
