run_id,name,chain,row,value
0001-2024cpueExPrior_0-bspm_estF,raw_logK,1,,0.426225804504565
0001-2024cpueExPrior_0-bspm_estF,raw_logr,1,,-0.178009641232938
0001-2024cpueExPrior_0-bspm_estF,raw_epsp,1,1,-0.0694962284475384
0001-2024cpueExPrior_0-bspm_estF,raw_epsp,1,2,-0.0299122555275641
0001-2024cpueExPrior_0-bspm_estF,raw_epsp,1,3,-0.0309901543984002
0001-2024cpueExPrior_0-bspm_estF,raw_epsp,1,4,0.0670459426465567
0001-2024cpueExPrior_0-bspm_estF,raw_epsp,1,5,0.181710372171167
0001-2024cpueExPrior_0-bspm_estF,raw_epsp,1,6,0.0582838533098153
0001-2024cpueExPrior_0-bspm_estF,raw_epsp,1,7,0.0847784688721388
0001-2024cpueExPrior_0-bspm_estF,raw_epsp,1,8,-0.137978666541003
0001-2024cpueExPrior_0-bspm_estF,raw_epsp,1,9,0.0869253392006551
0001-2024cpueExPrior_0-bspm_estF,raw_epsp,1,10,0.371147951291422
0001-2024cpueExPrior_0-bspm_estF,raw_epsp,1,11,0.0470813802290081
0001-2024cpueExPrior_0-bspm_estF,raw_epsp,1,12,0.610814955947264
0001-2024cpueExPrior_0-bspm_estF,raw_epsp,1,13,-0.288359871333286
0001-2024cpueExPrior_0-bspm_estF,raw_epsp,1,14,-0.201167921053412
0001-2024cpueExPrior_0-bspm_estF,raw_epsp,1,15,0.114017286919616
0001-2024cpueExPrior_0-bspm_estF,raw_epsp,1,16,0.105083142533597
0001-2024cpueExPrior_0-bspm_estF,raw_epsp,1,17,0.144396124546215
0001-2024cpueExPrior_0-bspm_estF,raw_epsp,1,18,0.111589014990377
0001-2024cpueExPrior_0-bspm_estF,raw_epsp,1,19,0.229313882132547
0001-2024cpueExPrior_0-bspm_estF,raw_epsp,1,20,-0.0267653850909937
0001-2024cpueExPrior_0-bspm_estF,raw_epsp,1,21,0.247083849060123
0001-2024cpueExPrior_0-bspm_estF,raw_epsp,1,22,-0.268059700513653
0001-2024cpueExPrior_0-bspm_estF,raw_epsp,1,23,-0.189503819782481
0001-2024cpueExPrior_0-bspm_estF,raw_epsp,1,24,0.023750179600478
0001-2024cpueExPrior_0-bspm_estF,raw_epsp,1,25,-0.58273279364503
0001-2024cpueExPrior_0-bspm_estF,raw_epsp,1,26,0.104378995413523
0001-2024cpueExPrior_0-bspm_estF,raw_epsp,1,27,-0.28008185622433
0001-2024cpueExPrior_0-bspm_estF,raw_epsp,1,28,-0.118671173973813
0001-2024cpueExPrior_0-bspm_estF,raw_epsp,1,29,-0.382603042431656
0001-2024cpueExPrior_0-bspm_estF,raw_epsp,1,30,0.103928704899506
0001-2024cpueExPrior_0-bspm_estF,raw_epsp,1,31,0.15854948469124
0001-2024cpueExPrior_0-bspm_estF,raw_epsp,1,32,0.307711838314763
0001-2024cpueExPrior_0-bspm_estF,raw_epsp,1,33,-0.0386409155712167
0001-2024cpueExPrior_0-bspm_estF,raw_epsp,1,34,0.028634861916603
0001-2024cpueExPrior_0-bspm_estF,raw_epsp,1,35,-0.556565826395987
0001-2024cpueExPrior_0-bspm_estF,raw_epsp,1,36,0.408947585279013
0001-2024cpueExPrior_0-bspm_estF,raw_epsp,1,37,-0.0398301794217558
0001-2024cpueExPrior_0-bspm_estF,raw_epsp,1,38,0.00706686511107087
0001-2024cpueExPrior_0-bspm_estF,raw_epsp,1,39,-0.384163321642294
0001-2024cpueExPrior_0-bspm_estF,raw_epsp,1,40,0.0195394478331429
0001-2024cpueExPrior_0-bspm_estF,raw_epsp,1,41,0.0625989521161679
0001-2024cpueExPrior_0-bspm_estF,raw_epsp,1,42,0.0610217997977835
0001-2024cpueExPrior_0-bspm_estF,raw_epsp,1,43,0.199934557843581
0001-2024cpueExPrior_0-bspm_estF,raw_epsp,1,44,0.0853523894763574
0001-2024cpueExPrior_0-bspm_estF,raw_epsp,1,45,0.0646794194244692
0001-2024cpueExPrior_0-bspm_estF,raw_epsp,1,46,0.238469654293937
0001-2024cpueExPrior_0-bspm_estF,raw_epsp,1,47,0.284103680272275
0001-2024cpueExPrior_0-bspm_estF,raw_epsp,1,48,-0.246072004884096
0001-2024cpueExPrior_0-bspm_estF,raw_epsp,1,49,-0.22741366103815
0001-2024cpueExPrior_0-bspm_estF,raw_epsp,1,50,-0.222273005820502
0001-2024cpueExPrior_0-bspm_estF,raw_epsp,1,51,-0.0623350510450458
0001-2024cpueExPrior_0-bspm_estF,raw_epsp,1,52,0.0802127295052069
0001-2024cpueExPrior_0-bspm_estF,raw_epsp,1,53,-0.166342352460614
0001-2024cpueExPrior_0-bspm_estF,raw_epsp,1,54,-0.252229135986738
0001-2024cpueExPrior_0-bspm_estF,raw_epsp,1,55,0.0853004021646744
0001-2024cpueExPrior_0-bspm_estF,raw_epsp,1,56,0.0970994577130046
0001-2024cpueExPrior_0-bspm_estF,raw_epsp,1,57,0.442541052843165
0001-2024cpueExPrior_0-bspm_estF,raw_epsp,1,58,0.0531655338146867
0001-2024cpueExPrior_0-bspm_estF,raw_epsp,1,59,0.365504328981034
0001-2024cpueExPrior_0-bspm_estF,raw_epsp,1,60,0.0137889410520512
0001-2024cpueExPrior_0-bspm_estF,raw_epsp,1,61,0.312044600806353
0001-2024cpueExPrior_0-bspm_estF,raw_epsp,1,62,-0.249510445953649
0001-2024cpueExPrior_0-bspm_estF,raw_epsp,1,63,0.292728582783815
0001-2024cpueExPrior_0-bspm_estF,raw_epsp,1,64,-0.624145562418418
0001-2024cpueExPrior_0-bspm_estF,raw_epsp,1,65,-0.0982864422991189
0001-2024cpueExPrior_0-bspm_estF,raw_epsp,1,66,-0.0408609331425573
0001-2024cpueExPrior_0-bspm_estF,raw_epsp,1,67,0.177205690180907
0001-2024cpueExPrior_0-bspm_estF,raw_epsp,1,68,-0.290570108362055
0001-2024cpueExPrior_0-bspm_estF,raw_epsp,1,69,-0.248139369246595
0001-2024cpueExPrior_0-bspm_estF,raw_epsp,1,70,-0.0930134853281536
0001-2024cpueExPrior_0-bspm_estF,raw_epsp,1,71,-0.0223736246185113
0001-2024cpueExPrior_0-bspm_estF,raw_logsigmap,1,,0.0924844862887387
0001-2024cpueExPrior_0-bspm_estF,raw_sigmao_add,1,,0.123602464459335
0001-2024cpueExPrior_0-bspm_estF,raw_logshape,1,,-0.0440381319538854
0001-2024cpueExPrior_0-bspm_estF,raw_sigmaf,1,,0.147524218163383
0001-2024cpueExPrior_0-bspm_estF,raw_F,1,1,0.351505027346722
0001-2024cpueExPrior_0-bspm_estF,raw_F,1,2,0.141860192693042
0001-2024cpueExPrior_0-bspm_estF,raw_F,1,3,0.0185422913544006
0001-2024cpueExPrior_0-bspm_estF,raw_F,1,4,0.195906198288083
0001-2024cpueExPrior_0-bspm_estF,raw_F,1,5,0.0999335684455852
0001-2024cpueExPrior_0-bspm_estF,raw_F,1,6,0.0300326760575392
0001-2024cpueExPrior_0-bspm_estF,raw_F,1,7,0.163889669646929
0001-2024cpueExPrior_0-bspm_estF,raw_F,1,8,0.331769129672447
0001-2024cpueExPrior_0-bspm_estF,raw_F,1,9,0.302746718967496
0001-2024cpueExPrior_0-bspm_estF,raw_F,1,10,0.456010406329499
0001-2024cpueExPrior_0-bspm_estF,raw_F,1,11,0.18216292025092
0001-2024cpueExPrior_0-bspm_estF,raw_F,1,12,0.0179625728509971
0001-2024cpueExPrior_0-bspm_estF,raw_F,1,13,0.0203987363957236
0001-2024cpueExPrior_0-bspm_estF,raw_F,1,14,0.369310409251051
0001-2024cpueExPrior_0-bspm_estF,raw_F,1,15,0.0544053026451139
0001-2024cpueExPrior_0-bspm_estF,raw_F,1,16,0.183350251951922
0001-2024cpueExPrior_0-bspm_estF,raw_F,1,17,0.335349262309212
0001-2024cpueExPrior_0-bspm_estF,raw_F,1,18,0.190918323533535
0001-2024cpueExPrior_0-bspm_estF,raw_F,1,19,0.571960420597016
0001-2024cpueExPrior_0-bspm_estF,raw_F,1,20,0.157965624582205
0001-2024cpueExPrior_0-bspm_estF,raw_F,1,21,0.174582866915718
0001-2024cpueExPrior_0-bspm_estF,raw_F,1,22,0.00449863311105701
0001-2024cpueExPrior_0-bspm_estF,raw_F,1,23,0.186480652935445
0001-2024cpueExPrior_0-bspm_estF,raw_F,1,24,0.32587264883966
0001-2024cpueExPrior_0-bspm_estF,raw_F,1,25,0.229675743270303
0001-2024cpueExPrior_0-bspm_estF,raw_F,1,26,0.283324832808469
0001-2024cpueExPrior_0-bspm_estF,raw_F,1,27,0.204461318710631
0001-2024cpueExPrior_0-bspm_estF,raw_F,1,28,0.29356418819023
0001-2024cpueExPrior_0-bspm_estF,raw_F,1,29,0.0221162678771722
0001-2024cpueExPrior_0-bspm_estF,raw_F,1,30,0.247239769947319
0001-2024cpueExPrior_0-bspm_estF,raw_F,1,31,0.16432443153109
0001-2024cpueExPrior_0-bspm_estF,raw_F,1,32,0.0533839950359905
0001-2024cpueExPrior_0-bspm_estF,raw_F,1,33,0.0856868723426835
0001-2024cpueExPrior_0-bspm_estF,raw_F,1,34,0.390917977729237
0001-2024cpueExPrior_0-bspm_estF,raw_F,1,35,0.129922431843545
0001-2024cpueExPrior_0-bspm_estF,raw_F,1,36,0.0623776006821755
0001-2024cpueExPrior_0-bspm_estF,raw_F,1,37,0.106171367872265
0001-2024cpueExPrior_0-bspm_estF,raw_F,1,38,0.385834925628229
0001-2024cpueExPrior_0-bspm_estF,raw_F,1,39,0.0843873274386112
0001-2024cpueExPrior_0-bspm_estF,raw_F,1,40,0.0694013130801562
0001-2024cpueExPrior_0-bspm_estF,raw_F,1,41,0.0416146012920695
0001-2024cpueExPrior_0-bspm_estF,raw_F,1,42,0.258893959449184
0001-2024cpueExPrior_0-bspm_estF,raw_F,1,43,0.0701138323189364
0001-2024cpueExPrior_0-bspm_estF,raw_F,1,44,0.240874432789376
0001-2024cpueExPrior_0-bspm_estF,raw_F,1,45,0.200877154825868
0001-2024cpueExPrior_0-bspm_estF,raw_F,1,46,0.177849286062636
0001-2024cpueExPrior_0-bspm_estF,raw_F,1,47,0.258367157027478
0001-2024cpueExPrior_0-bspm_estF,raw_F,1,48,0.147630238373368
0001-2024cpueExPrior_0-bspm_estF,raw_F,1,49,0.230160895873378
0001-2024cpueExPrior_0-bspm_estF,raw_F,1,50,0.0591421223166736
0001-2024cpueExPrior_0-bspm_estF,raw_F,1,51,0.286596869098749
0001-2024cpueExPrior_0-bspm_estF,raw_F,1,52,0.0572850886372774
0001-2024cpueExPrior_0-bspm_estF,raw_F,1,53,0.142906706034269
0001-2024cpueExPrior_0-bspm_estF,raw_F,1,54,0.00466781390081303
0001-2024cpueExPrior_0-bspm_estF,raw_F,1,55,0.4513072798956
0001-2024cpueExPrior_0-bspm_estF,raw_F,1,56,0.258748367288468
0001-2024cpueExPrior_0-bspm_estF,raw_F,1,57,0.0166271829199949
0001-2024cpueExPrior_0-bspm_estF,raw_F,1,58,0.219977676699844
0001-2024cpueExPrior_0-bspm_estF,raw_F,1,59,0.418377791919313
0001-2024cpueExPrior_0-bspm_estF,raw_F,1,60,0.0554702019124943
0001-2024cpueExPrior_0-bspm_estF,raw_F,1,61,0.114958577424333
0001-2024cpueExPrior_0-bspm_estF,raw_F,1,62,0.106987868751095
0001-2024cpueExPrior_0-bspm_estF,raw_F,1,63,0.0395350536127153
0001-2024cpueExPrior_0-bspm_estF,raw_F,1,64,0.058913112874899
0001-2024cpueExPrior_0-bspm_estF,raw_F,1,65,0.100315222227924
0001-2024cpueExPrior_0-bspm_estF,raw_F,1,66,0.225997053535067
0001-2024cpueExPrior_0-bspm_estF,raw_F,1,67,0.0171137692443033
0001-2024cpueExPrior_0-bspm_estF,raw_F,1,68,0.193714641833596
0001-2024cpueExPrior_0-bspm_estF,raw_F,1,69,0.153413463097929
0001-2024cpueExPrior_0-bspm_estF,raw_F,1,70,0.682609396959199
0001-2024cpueExPrior_0-bspm_estF,raw_logK,2,,0.426774374794499
0001-2024cpueExPrior_0-bspm_estF,raw_logr,2,,0.5448644613936
0001-2024cpueExPrior_0-bspm_estF,raw_epsp,2,1,-0.224010597153257
0001-2024cpueExPrior_0-bspm_estF,raw_epsp,2,2,-0.0918972077369912
0001-2024cpueExPrior_0-bspm_estF,raw_epsp,2,3,0.22028285043209
0001-2024cpueExPrior_0-bspm_estF,raw_epsp,2,4,-0.0850237555432231
0001-2024cpueExPrior_0-bspm_estF,raw_epsp,2,5,0.0370304860702356
0001-2024cpueExPrior_0-bspm_estF,raw_epsp,2,6,0.135045023562786
0001-2024cpueExPrior_0-bspm_estF,raw_epsp,2,7,-0.251276530779317
0001-2024cpueExPrior_0-bspm_estF,raw_epsp,2,8,-0.122946861855239
0001-2024cpueExPrior_0-bspm_estF,raw_epsp,2,9,-0.0287030573256994
0001-2024cpueExPrior_0-bspm_estF,raw_epsp,2,10,0.170973711947494
0001-2024cpueExPrior_0-bspm_estF,raw_epsp,2,11,0.38048626910432
0001-2024cpueExPrior_0-bspm_estF,raw_epsp,2,12,0.0169067923694554
0001-2024cpueExPrior_0-bspm_estF,raw_epsp,2,13,0.148770965187918
0001-2024cpueExPrior_0-bspm_estF,raw_epsp,2,14,0.00160967578514749
0001-2024cpueExPrior_0-bspm_estF,raw_epsp,2,15,0.375890905643317
0001-2024cpueExPrior_0-bspm_estF,raw_epsp,2,16,-0.2681820785789
0001-2024cpueExPrior_0-bspm_estF,raw_epsp,2,17,-0.176665772348084
0001-2024cpueExPrior_0-bspm_estF,raw_epsp,2,18,0.0612160169683583
0001-2024cpueExPrior_0-bspm_estF,raw_epsp,2,19,0.0417306576829607
0001-2024cpueExPrior_0-bspm_estF,raw_epsp,2,20,-0.166581648180852
0001-2024cpueExPrior_0-bspm_estF,raw_epsp,2,21,-0.0952108976184928
0001-2024cpueExPrior_0-bspm_estF,raw_epsp,2,22,-0.169942987607415
0001-2024cpueExPrior_0-bspm_estF,raw_epsp,2,23,-0.0472384025482882
0001-2024cpueExPrior_0-bspm_estF,raw_epsp,2,24,-0.417090898707565
0001-2024cpueExPrior_0-bspm_estF,raw_epsp,2,25,-0.231222124155008
0001-2024cpueExPrior_0-bspm_estF,raw_epsp,2,26,0.0818387912996485
0001-2024cpueExPrior_0-bspm_estF,raw_epsp,2,27,-0.560265547859078
0001-2024cpueExPrior_0-bspm_estF,raw_epsp,2,28,-0.0476168000417442
0001-2024cpueExPrior_0-bspm_estF,raw_epsp,2,29,0.108732492624475
0001-2024cpueExPrior_0-bspm_estF,raw_epsp,2,30,0.18050156581394
0001-2024cpueExPrior_0-bspm_estF,raw_epsp,2,31,0.154759252604949
0001-2024cpueExPrior_0-bspm_estF,raw_epsp,2,32,0.185136298217226
0001-2024cpueExPrior_0-bspm_estF,raw_epsp,2,33,0.239887840474874
0001-2024cpueExPrior_0-bspm_estF,raw_epsp,2,34,0.451260686730538
0001-2024cpueExPrior_0-bspm_estF,raw_epsp,2,35,-0.20932972403299
0001-2024cpueExPrior_0-bspm_estF,raw_epsp,2,36,-0.471489303957896
0001-2024cpueExPrior_0-bspm_estF,raw_epsp,2,37,0.0039421991908307
0001-2024cpueExPrior_0-bspm_estF,raw_epsp,2,38,-0.123048078114074
0001-2024cpueExPrior_0-bspm_estF,raw_epsp,2,39,-0.130961022779149
0001-2024cpueExPrior_0-bspm_estF,raw_epsp,2,40,-0.117893514448791
0001-2024cpueExPrior_0-bspm_estF,raw_epsp,2,41,-0.0437180571047859
0001-2024cpueExPrior_0-bspm_estF,raw_epsp,2,42,-0.153174746276738
0001-2024cpueExPrior_0-bspm_estF,raw_epsp,2,43,-0.135204188501245
0001-2024cpueExPrior_0-bspm_estF,raw_epsp,2,44,-0.305578111025976
0001-2024cpueExPrior_0-bspm_estF,raw_epsp,2,45,0.0523800848534001
0001-2024cpueExPrior_0-bspm_estF,raw_epsp,2,46,0.0627867766073493
0001-2024cpueExPrior_0-bspm_estF,raw_epsp,2,47,0.0487440976969352
0001-2024cpueExPrior_0-bspm_estF,raw_epsp,2,48,-0.258926800081723
0001-2024cpueExPrior_0-bspm_estF,raw_epsp,2,49,0.149128453157588
0001-2024cpueExPrior_0-bspm_estF,raw_epsp,2,50,0.187979318874495
0001-2024cpueExPrior_0-bspm_estF,raw_epsp,2,51,-0.31126360901877
0001-2024cpueExPrior_0-bspm_estF,raw_epsp,2,52,-0.324961150922438
0001-2024cpueExPrior_0-bspm_estF,raw_epsp,2,53,0.529957041146939
0001-2024cpueExPrior_0-bspm_estF,raw_epsp,2,54,0.136369352388081
0001-2024cpueExPrior_0-bspm_estF,raw_epsp,2,55,0.0388347975589077
0001-2024cpueExPrior_0-bspm_estF,raw_epsp,2,56,-0.171420107577134
0001-2024cpueExPrior_0-bspm_estF,raw_epsp,2,57,0.103713467752397
0001-2024cpueExPrior_0-bspm_estF,raw_epsp,2,58,0.274525078909855
0001-2024cpueExPrior_0-bspm_estF,raw_epsp,2,59,-0.204805090646496
0001-2024cpueExPrior_0-bspm_estF,raw_epsp,2,60,-0.154257352698582
0001-2024cpueExPrior_0-bspm_estF,raw_epsp,2,61,0.122457457848131
0001-2024cpueExPrior_0-bspm_estF,raw_epsp,2,62,-0.178382596767827
0001-2024cpueExPrior_0-bspm_estF,raw_epsp,2,63,-0.366144793844062
0001-2024cpueExPrior_0-bspm_estF,raw_epsp,2,64,-0.106827048303475
0001-2024cpueExPrior_0-bspm_estF,raw_epsp,2,65,0.33991191426426
0001-2024cpueExPrior_0-bspm_estF,raw_epsp,2,66,-0.0254738308162331
0001-2024cpueExPrior_0-bspm_estF,raw_epsp,2,67,0.381629128940878
0001-2024cpueExPrior_0-bspm_estF,raw_epsp,2,68,0.159251244141039
0001-2024cpueExPrior_0-bspm_estF,raw_epsp,2,69,0.377886506605031
0001-2024cpueExPrior_0-bspm_estF,raw_epsp,2,70,0.276002552000501
0001-2024cpueExPrior_0-bspm_estF,raw_epsp,2,71,-0.143737266430735
0001-2024cpueExPrior_0-bspm_estF,raw_logsigmap,2,,0.0198364955552128
0001-2024cpueExPrior_0-bspm_estF,raw_sigmao_add,2,,0.129323674097173
0001-2024cpueExPrior_0-bspm_estF,raw_logshape,2,,-0.218060138209007
0001-2024cpueExPrior_0-bspm_estF,raw_sigmaf,2,,0.307948131778387
0001-2024cpueExPrior_0-bspm_estF,raw_F,2,1,0.0215517880074752
0001-2024cpueExPrior_0-bspm_estF,raw_F,2,2,0.0511185830203619
0001-2024cpueExPrior_0-bspm_estF,raw_F,2,3,0.624744862755739
0001-2024cpueExPrior_0-bspm_estF,raw_F,2,4,0.354126033427349
0001-2024cpueExPrior_0-bspm_estF,raw_F,2,5,0.0259650739427803
0001-2024cpueExPrior_0-bspm_estF,raw_F,2,6,0.428189816184137
0001-2024cpueExPrior_0-bspm_estF,raw_F,2,7,0.00992672021979102
0001-2024cpueExPrior_0-bspm_estF,raw_F,2,8,0.275077027895567
0001-2024cpueExPrior_0-bspm_estF,raw_F,2,9,0.372055911181848
0001-2024cpueExPrior_0-bspm_estF,raw_F,2,10,0.0749933369724171
0001-2024cpueExPrior_0-bspm_estF,raw_F,2,11,0.119473339536464
0001-2024cpueExPrior_0-bspm_estF,raw_F,2,12,0.096945360313232
0001-2024cpueExPrior_0-bspm_estF,raw_F,2,13,0.0881704544988446
0001-2024cpueExPrior_0-bspm_estF,raw_F,2,14,0.233282814935096
0001-2024cpueExPrior_0-bspm_estF,raw_F,2,15,0.349781331253348
0001-2024cpueExPrior_0-bspm_estF,raw_F,2,16,0.00400883045970914
0001-2024cpueExPrior_0-bspm_estF,raw_F,2,17,0.365686958706885
0001-2024cpueExPrior_0-bspm_estF,raw_F,2,18,0.177101934937666
0001-2024cpueExPrior_0-bspm_estF,raw_F,2,19,0.198181025547964
0001-2024cpueExPrior_0-bspm_estF,raw_F,2,20,0.16027694526981
0001-2024cpueExPrior_0-bspm_estF,raw_F,2,21,0.504755655425205
0001-2024cpueExPrior_0-bspm_estF,raw_F,2,22,0.0174365939097736
0001-2024cpueExPrior_0-bspm_estF,raw_F,2,23,0.704009778146193
0001-2024cpueExPrior_0-bspm_estF,raw_F,2,24,0.144936217180517
0001-2024cpueExPrior_0-bspm_estF,raw_F,2,25,0.273518756529427
0001-2024cpueExPrior_0-bspm_estF,raw_F,2,26,0.280618978568805
0001-2024cpueExPrior_0-bspm_estF,raw_F,2,27,0.0542152174361551
0001-2024cpueExPrior_0-bspm_estF,raw_F,2,28,0.179771602855393
0001-2024cpueExPrior_0-bspm_estF,raw_F,2,29,0.208799886058899
0001-2024cpueExPrior_0-bspm_estF,raw_F,2,30,0.351732986971801
0001-2024cpueExPrior_0-bspm_estF,raw_F,2,31,0.0757203420776436
0001-2024cpueExPrior_0-bspm_estF,raw_F,2,32,0.268683121690474
0001-2024cpueExPrior_0-bspm_estF,raw_F,2,33,0.167900620091448
0001-2024cpueExPrior_0-bspm_estF,raw_F,2,34,0.174294078206076
0001-2024cpueExPrior_0-bspm_estF,raw_F,2,35,0.30275800215398
0001-2024cpueExPrior_0-bspm_estF,raw_F,2,36,0.100672447451672
0001-2024cpueExPrior_0-bspm_estF,raw_F,2,37,0.595674262221983
0001-2024cpueExPrior_0-bspm_estF,raw_F,2,38,0.0797948445078674
0001-2024cpueExPrior_0-bspm_estF,raw_F,2,39,0.179189076330162
0001-2024cpueExPrior_0-bspm_estF,raw_F,2,40,0.0786193391985918
0001-2024cpueExPrior_0-bspm_estF,raw_F,2,41,0.0812865846454277
0001-2024cpueExPrior_0-bspm_estF,raw_F,2,42,0.00151955920291451
0001-2024cpueExPrior_0-bspm_estF,raw_F,2,43,0.321700839042025
0001-2024cpueExPrior_0-bspm_estF,raw_F,2,44,0.259846769959699
0001-2024cpueExPrior_0-bspm_estF,raw_F,2,45,0.0964497781060824
0001-2024cpueExPrior_0-bspm_estF,raw_F,2,46,0.481894132867224
0001-2024cpueExPrior_0-bspm_estF,raw_F,2,47,0.133448324311346
0001-2024cpueExPrior_0-bspm_estF,raw_F,2,48,0.120553343089371
0001-2024cpueExPrior_0-bspm_estF,raw_F,2,49,0.543007203730404
0001-2024cpueExPrior_0-bspm_estF,raw_F,2,50,0.179964939636719
0001-2024cpueExPrior_0-bspm_estF,raw_F,2,51,0.0413658959201472
0001-2024cpueExPrior_0-bspm_estF,raw_F,2,52,0.4650104428196
0001-2024cpueExPrior_0-bspm_estF,raw_F,2,53,0.175038929199802
0001-2024cpueExPrior_0-bspm_estF,raw_F,2,54,0.244454291314019
0001-2024cpueExPrior_0-bspm_estF,raw_F,2,55,0.0373045537288141
0001-2024cpueExPrior_0-bspm_estF,raw_F,2,56,0.299689074313586
0001-2024cpueExPrior_0-bspm_estF,raw_F,2,57,0.102646558711807
0001-2024cpueExPrior_0-bspm_estF,raw_F,2,58,0.0136880005464697
0001-2024cpueExPrior_0-bspm_estF,raw_F,2,59,0.0814338753656849
0001-2024cpueExPrior_0-bspm_estF,raw_F,2,60,0.521310477767852
0001-2024cpueExPrior_0-bspm_estF,raw_F,2,61,0.0792427879701943
0001-2024cpueExPrior_0-bspm_estF,raw_F,2,62,0.379978578966274
0001-2024cpueExPrior_0-bspm_estF,raw_F,2,63,0.239845822798393
0001-2024cpueExPrior_0-bspm_estF,raw_F,2,64,0.111563061874805
0001-2024cpueExPrior_0-bspm_estF,raw_F,2,65,0.293239350516996
0001-2024cpueExPrior_0-bspm_estF,raw_F,2,66,0.290009698222642
0001-2024cpueExPrior_0-bspm_estF,raw_F,2,67,0.216487043315709
0001-2024cpueExPrior_0-bspm_estF,raw_F,2,68,0.32952069555112
0001-2024cpueExPrior_0-bspm_estF,raw_F,2,69,0.241667220978412
0001-2024cpueExPrior_0-bspm_estF,raw_F,2,70,0.287473133661089
0001-2024cpueExPrior_0-bspm_estF,raw_logK,3,,0.492707300380995
0001-2024cpueExPrior_0-bspm_estF,raw_logr,3,,-0.198498332083673
0001-2024cpueExPrior_0-bspm_estF,raw_epsp,3,1,0.40577312202448
0001-2024cpueExPrior_0-bspm_estF,raw_epsp,3,2,-0.699359909988118
0001-2024cpueExPrior_0-bspm_estF,raw_epsp,3,3,0.162539432395644
0001-2024cpueExPrior_0-bspm_estF,raw_epsp,3,4,0.0370492484525186
0001-2024cpueExPrior_0-bspm_estF,raw_epsp,3,5,-0.236989149946911
0001-2024cpueExPrior_0-bspm_estF,raw_epsp,3,6,-0.504062859140867
0001-2024cpueExPrior_0-bspm_estF,raw_epsp,3,7,-0.433964255141223
0001-2024cpueExPrior_0-bspm_estF,raw_epsp,3,8,0.535974279864788
0001-2024cpueExPrior_0-bspm_estF,raw_epsp,3,9,-0.118909798811297
0001-2024cpueExPrior_0-bspm_estF,raw_epsp,3,10,-0.174397229136907
0001-2024cpueExPrior_0-bspm_estF,raw_epsp,3,11,0.1091134387969
0001-2024cpueExPrior_0-bspm_estF,raw_epsp,3,12,0.217318246719776
0001-2024cpueExPrior_0-bspm_estF,raw_epsp,3,13,0.143781802737061
0001-2024cpueExPrior_0-bspm_estF,raw_epsp,3,14,0.161178411452401
0001-2024cpueExPrior_0-bspm_estF,raw_epsp,3,15,0.200643970083976
0001-2024cpueExPrior_0-bspm_estF,raw_epsp,3,16,0.210935008964354
0001-2024cpueExPrior_0-bspm_estF,raw_epsp,3,17,-0.114931460899222
0001-2024cpueExPrior_0-bspm_estF,raw_epsp,3,18,0.0371424056471268
0001-2024cpueExPrior_0-bspm_estF,raw_epsp,3,19,-0.131006873413344
0001-2024cpueExPrior_0-bspm_estF,raw_epsp,3,20,0.0171772676853071
0001-2024cpueExPrior_0-bspm_estF,raw_epsp,3,21,-0.302322289752646
0001-2024cpueExPrior_0-bspm_estF,raw_epsp,3,22,-0.0782511854562721
0001-2024cpueExPrior_0-bspm_estF,raw_epsp,3,23,0.332948781889262
0001-2024cpueExPrior_0-bspm_estF,raw_epsp,3,24,0.426416017813272
0001-2024cpueExPrior_0-bspm_estF,raw_epsp,3,25,0.0592643892031263
0001-2024cpueExPrior_0-bspm_estF,raw_epsp,3,26,-0.3948040586633
0001-2024cpueExPrior_0-bspm_estF,raw_epsp,3,27,0.0989941565222064
0001-2024cpueExPrior_0-bspm_estF,raw_epsp,3,28,-0.417951378764506
0001-2024cpueExPrior_0-bspm_estF,raw_epsp,3,29,-0.136971359690233
0001-2024cpueExPrior_0-bspm_estF,raw_epsp,3,30,-0.109959527313108
0001-2024cpueExPrior_0-bspm_estF,raw_epsp,3,31,-0.249371249064793
0001-2024cpueExPrior_0-bspm_estF,raw_epsp,3,32,0.347364316748492
0001-2024cpueExPrior_0-bspm_estF,raw_epsp,3,33,0.0338037978057042
0001-2024cpueExPrior_0-bspm_estF,raw_epsp,3,34,-0.178671450595363
0001-2024cpueExPrior_0-bspm_estF,raw_epsp,3,35,-0.0921022183186471
0001-2024cpueExPrior_0-bspm_estF,raw_epsp,3,36,-0.0743522137909806
0001-2024cpueExPrior_0-bspm_estF,raw_epsp,3,37,-0.340318538225997
0001-2024cpueExPrior_0-bspm_estF,raw_epsp,3,38,0.064472105344478
0001-2024cpueExPrior_0-bspm_estF,raw_epsp,3,39,0.228444786178085
0001-2024cpueExPrior_0-bspm_estF,raw_epsp,3,40,0.120114775408274
0001-2024cpueExPrior_0-bspm_estF,raw_epsp,3,41,-0.0572053270490136
0001-2024cpueExPrior_0-bspm_estF,raw_epsp,3,42,0.169255139680712
0001-2024cpueExPrior_0-bspm_estF,raw_epsp,3,43,0.0612167238032817
0001-2024cpueExPrior_0-bspm_estF,raw_epsp,3,44,0.281086841559412
0001-2024cpueExPrior_0-bspm_estF,raw_epsp,3,45,0.107074021240713
0001-2024cpueExPrior_0-bspm_estF,raw_epsp,3,46,0.330757263575477
0001-2024cpueExPrior_0-bspm_estF,raw_epsp,3,47,-0.563939686379825
0001-2024cpueExPrior_0-bspm_estF,raw_epsp,3,48,0.0447362128997757
0001-2024cpueExPrior_0-bspm_estF,raw_epsp,3,49,-0.137673410246602
0001-2024cpueExPrior_0-bspm_estF,raw_epsp,3,50,0.155860640635313
0001-2024cpueExPrior_0-bspm_estF,raw_epsp,3,51,-0.114086352275703
0001-2024cpueExPrior_0-bspm_estF,raw_epsp,3,52,0.0278449001579168
0001-2024cpueExPrior_0-bspm_estF,raw_epsp,3,53,0.13238891607026
0001-2024cpueExPrior_0-bspm_estF,raw_epsp,3,54,-0.0545216112889991
0001-2024cpueExPrior_0-bspm_estF,raw_epsp,3,55,0.306154376300441
0001-2024cpueExPrior_0-bspm_estF,raw_epsp,3,56,-0.10242976594629
0001-2024cpueExPrior_0-bspm_estF,raw_epsp,3,57,-0.13059285678575
0001-2024cpueExPrior_0-bspm_estF,raw_epsp,3,58,0.155373036875007
0001-2024cpueExPrior_0-bspm_estF,raw_epsp,3,59,-0.0681765756060194
0001-2024cpueExPrior_0-bspm_estF,raw_epsp,3,60,0.239467516147299
0001-2024cpueExPrior_0-bspm_estF,raw_epsp,3,61,0.2382768300214
0001-2024cpueExPrior_0-bspm_estF,raw_epsp,3,62,-0.151290139049583
0001-2024cpueExPrior_0-bspm_estF,raw_epsp,3,63,0.386315412309967
0001-2024cpueExPrior_0-bspm_estF,raw_epsp,3,64,-0.296624421303307
0001-2024cpueExPrior_0-bspm_estF,raw_epsp,3,65,0.411875577592095
0001-2024cpueExPrior_0-bspm_estF,raw_epsp,3,66,0.00386694773808053
0001-2024cpueExPrior_0-bspm_estF,raw_epsp,3,67,-0.49248522545042
0001-2024cpueExPrior_0-bspm_estF,raw_epsp,3,68,-0.183474895125862
0001-2024cpueExPrior_0-bspm_estF,raw_epsp,3,69,-0.0537450143472029
0001-2024cpueExPrior_0-bspm_estF,raw_epsp,3,70,0.727767386849673
0001-2024cpueExPrior_0-bspm_estF,raw_epsp,3,71,0.105877198169673
0001-2024cpueExPrior_0-bspm_estF,raw_logsigmap,3,,-0.385062843967487
0001-2024cpueExPrior_0-bspm_estF,raw_sigmao_add,3,,0.330896420033659
0001-2024cpueExPrior_0-bspm_estF,raw_logshape,3,,0.157963208418405
0001-2024cpueExPrior_0-bspm_estF,raw_sigmaf,3,,0.0109556281020163
0001-2024cpueExPrior_0-bspm_estF,raw_F,3,1,0.0606102855242895
0001-2024cpueExPrior_0-bspm_estF,raw_F,3,2,0.406254180290538
0001-2024cpueExPrior_0-bspm_estF,raw_F,3,3,0.650085863271026
0001-2024cpueExPrior_0-bspm_estF,raw_F,3,4,0.0813432268717753
0001-2024cpueExPrior_0-bspm_estF,raw_F,3,5,0.201504171559163
0001-2024cpueExPrior_0-bspm_estF,raw_F,3,6,0.195156148454399
0001-2024cpueExPrior_0-bspm_estF,raw_F,3,7,0.127443015010915
0001-2024cpueExPrior_0-bspm_estF,raw_F,3,8,0.27403851110912
0001-2024cpueExPrior_0-bspm_estF,raw_F,3,9,0.318574065553778
0001-2024cpueExPrior_0-bspm_estF,raw_F,3,10,0.209596636320389
0001-2024cpueExPrior_0-bspm_estF,raw_F,3,11,0.0108890256339708
0001-2024cpueExPrior_0-bspm_estF,raw_F,3,12,0.241320197991971
0001-2024cpueExPrior_0-bspm_estF,raw_F,3,13,0.104670932947035
0001-2024cpueExPrior_0-bspm_estF,raw_F,3,14,0.119790936489017
0001-2024cpueExPrior_0-bspm_estF,raw_F,3,15,0.288333818364018
0001-2024cpueExPrior_0-bspm_estF,raw_F,3,16,0.170845351994848
0001-2024cpueExPrior_0-bspm_estF,raw_F,3,17,0.170527780724057
0001-2024cpueExPrior_0-bspm_estF,raw_F,3,18,0.21844509292441
0001-2024cpueExPrior_0-bspm_estF,raw_F,3,19,0.360901918964116
0001-2024cpueExPrior_0-bspm_estF,raw_F,3,20,0.112397475800602
0001-2024cpueExPrior_0-bspm_estF,raw_F,3,21,0.234397219529052
0001-2024cpueExPrior_0-bspm_estF,raw_F,3,22,0.196737605705443
0001-2024cpueExPrior_0-bspm_estF,raw_F,3,23,0.429146144097518
0001-2024cpueExPrior_0-bspm_estF,raw_F,3,24,0.100501456990994
0001-2024cpueExPrior_0-bspm_estF,raw_F,3,25,0.111705534719307
0001-2024cpueExPrior_0-bspm_estF,raw_F,3,26,0.37640246883853
0001-2024cpueExPrior_0-bspm_estF,raw_F,3,27,0.225420658344397
0001-2024cpueExPrior_0-bspm_estF,raw_F,3,28,0.348268111641016
0001-2024cpueExPrior_0-bspm_estF,raw_F,3,29,0.0305975489083846
0001-2024cpueExPrior_0-bspm_estF,raw_F,3,30,0.0488095996546446
0001-2024cpueExPrior_0-bspm_estF,raw_F,3,31,0.123642102041687
0001-2024cpueExPrior_0-bspm_estF,raw_F,3,32,0.0608018944761295
0001-2024cpueExPrior_0-bspm_estF,raw_F,3,33,0.318852550383463
0001-2024cpueExPrior_0-bspm_estF,raw_F,3,34,0.22203209790401
0001-2024cpueExPrior_0-bspm_estF,raw_F,3,35,0.149673807758224
0001-2024cpueExPrior_0-bspm_estF,raw_F,3,36,0.166918608383985
0001-2024cpueExPrior_0-bspm_estF,raw_F,3,37,0.12017177508437
0001-2024cpueExPrior_0-bspm_estF,raw_F,3,38,0.0440242647340912
0001-2024cpueExPrior_0-bspm_estF,raw_F,3,39,0.516285547690719
0001-2024cpueExPrior_0-bspm_estF,raw_F,3,40,0.21308949235273
0001-2024cpueExPrior_0-bspm_estF,raw_F,3,41,0.288942913626007
0001-2024cpueExPrior_0-bspm_estF,raw_F,3,42,0.0576930258181631
0001-2024cpueExPrior_0-bspm_estF,raw_F,3,43,0.37193648032462
0001-2024cpueExPrior_0-bspm_estF,raw_F,3,44,0.422190278210755
0001-2024cpueExPrior_0-bspm_estF,raw_F,3,45,0.0674504200757848
0001-2024cpueExPrior_0-bspm_estF,raw_F,3,46,0.353991931992251
0001-2024cpueExPrior_0-bspm_estF,raw_F,3,47,0.142443792141377
0001-2024cpueExPrior_0-bspm_estF,raw_F,3,48,0.0741445646982665
0001-2024cpueExPrior_0-bspm_estF,raw_F,3,49,0.314258784258361
0001-2024cpueExPrior_0-bspm_estF,raw_F,3,50,0.146065368103318
0001-2024cpueExPrior_0-bspm_estF,raw_F,3,51,0.117502151153709
0001-2024cpueExPrior_0-bspm_estF,raw_F,3,52,0.262480033829514
0001-2024cpueExPrior_0-bspm_estF,raw_F,3,53,0.333496767179796
0001-2024cpueExPrior_0-bspm_estF,raw_F,3,54,0.185316976518504
0001-2024cpueExPrior_0-bspm_estF,raw_F,3,55,0.251140142966613
0001-2024cpueExPrior_0-bspm_estF,raw_F,3,56,0.484002039512667
0001-2024cpueExPrior_0-bspm_estF,raw_F,3,57,0.0923183066767891
0001-2024cpueExPrior_0-bspm_estF,raw_F,3,58,0.342723199040017
0001-2024cpueExPrior_0-bspm_estF,raw_F,3,59,0.0269261510597993
0001-2024cpueExPrior_0-bspm_estF,raw_F,3,60,0.288842939174777
0001-2024cpueExPrior_0-bspm_estF,raw_F,3,61,0.0376326095477751
0001-2024cpueExPrior_0-bspm_estF,raw_F,3,62,0.298826151056403
0001-2024cpueExPrior_0-bspm_estF,raw_F,3,63,0.110148263872991
0001-2024cpueExPrior_0-bspm_estF,raw_F,3,64,0.37245521283937
0001-2024cpueExPrior_0-bspm_estF,raw_F,3,65,0.0123858678061143
0001-2024cpueExPrior_0-bspm_estF,raw_F,3,66,0.331700994196329
0001-2024cpueExPrior_0-bspm_estF,raw_F,3,67,0.157408671166974
0001-2024cpueExPrior_0-bspm_estF,raw_F,3,68,0.0649002929856542
0001-2024cpueExPrior_0-bspm_estF,raw_F,3,69,0.389561044429225
0001-2024cpueExPrior_0-bspm_estF,raw_F,3,70,0.0193893779087935
0001-2024cpueExPrior_0-bspm_estF,raw_logK,4,,0.0900976531975247
0001-2024cpueExPrior_0-bspm_estF,raw_logr,4,,-0.221407041408475
0001-2024cpueExPrior_0-bspm_estF,raw_epsp,4,1,0.470824854243835
0001-2024cpueExPrior_0-bspm_estF,raw_epsp,4,2,0.129929391285972
0001-2024cpueExPrior_0-bspm_estF,raw_epsp,4,3,0.251641378512785
0001-2024cpueExPrior_0-bspm_estF,raw_epsp,4,4,-0.207922714718978
0001-2024cpueExPrior_0-bspm_estF,raw_epsp,4,5,-0.194802790857196
0001-2024cpueExPrior_0-bspm_estF,raw_epsp,4,6,0.432442143440961
0001-2024cpueExPrior_0-bspm_estF,raw_epsp,4,7,-0.0329656820820228
0001-2024cpueExPrior_0-bspm_estF,raw_epsp,4,8,0.168752825546739
0001-2024cpueExPrior_0-bspm_estF,raw_epsp,4,9,-0.112184268231631
0001-2024cpueExPrior_0-bspm_estF,raw_epsp,4,10,0.0872106255477172
0001-2024cpueExPrior_0-bspm_estF,raw_epsp,4,11,0.0868982419164581
0001-2024cpueExPrior_0-bspm_estF,raw_epsp,4,12,-0.28405080224373
0001-2024cpueExPrior_0-bspm_estF,raw_epsp,4,13,-0.104294161531575
0001-2024cpueExPrior_0-bspm_estF,raw_epsp,4,14,-0.246767911952252
0001-2024cpueExPrior_0-bspm_estF,raw_epsp,4,15,-0.0628754853493779
0001-2024cpueExPrior_0-bspm_estF,raw_epsp,4,16,-0.186000960247366
0001-2024cpueExPrior_0-bspm_estF,raw_epsp,4,17,0.107896916160887
0001-2024cpueExPrior_0-bspm_estF,raw_epsp,4,18,0.0935792534325986
0001-2024cpueExPrior_0-bspm_estF,raw_epsp,4,19,0.0210795824046298
0001-2024cpueExPrior_0-bspm_estF,raw_epsp,4,20,-0.295585469696706
0001-2024cpueExPrior_0-bspm_estF,raw_epsp,4,21,0.144289077846197
0001-2024cpueExPrior_0-bspm_estF,raw_epsp,4,22,0.364388483238102
0001-2024cpueExPrior_0-bspm_estF,raw_epsp,4,23,0.153052335552203
0001-2024cpueExPrior_0-bspm_estF,raw_epsp,4,24,0.00596004064909123
0001-2024cpueExPrior_0-bspm_estF,raw_epsp,4,25,0.0921502529710514
0001-2024cpueExPrior_0-bspm_estF,raw_epsp,4,26,0.15348731971535
0001-2024cpueExPrior_0-bspm_estF,raw_epsp,4,27,0.448931728963937
0001-2024cpueExPrior_0-bspm_estF,raw_epsp,4,28,-0.0909224955669622
0001-2024cpueExPrior_0-bspm_estF,raw_epsp,4,29,0.437303742806124
0001-2024cpueExPrior_0-bspm_estF,raw_epsp,4,30,0.142856713297279
0001-2024cpueExPrior_0-bspm_estF,raw_epsp,4,31,0.098099997780105
0001-2024cpueExPrior_0-bspm_estF,raw_epsp,4,32,-0.00611655023787215
0001-2024cpueExPrior_0-bspm_estF,raw_epsp,4,33,-0.193412117783529
0001-2024cpueExPrior_0-bspm_estF,raw_epsp,4,34,0.189584637708011
0001-2024cpueExPrior_0-bspm_estF,raw_epsp,4,35,-0.230277717150244
0001-2024cpueExPrior_0-bspm_estF,raw_epsp,4,36,-0.113786345685662
0001-2024cpueExPrior_0-bspm_estF,raw_epsp,4,37,0.316499456272995
0001-2024cpueExPrior_0-bspm_estF,raw_epsp,4,38,0.142984352873992
0001-2024cpueExPrior_0-bspm_estF,raw_epsp,4,39,0.316351599140154
0001-2024cpueExPrior_0-bspm_estF,raw_epsp,4,40,-0.0764541472484327
0001-2024cpueExPrior_0-bspm_estF,raw_epsp,4,41,-0.140033246753323
0001-2024cpueExPrior_0-bspm_estF,raw_epsp,4,42,-0.149632950621431
0001-2024cpueExPrior_0-bspm_estF,raw_epsp,4,43,-0.0827237543103481
0001-2024cpueExPrior_0-bspm_estF,raw_epsp,4,44,-0.40789486046463
0001-2024cpueExPrior_0-bspm_estF,raw_epsp,4,45,0.222248258536098
0001-2024cpueExPrior_0-bspm_estF,raw_epsp,4,46,-0.0449651233517726
0001-2024cpueExPrior_0-bspm_estF,raw_epsp,4,47,0.079976483016771
0001-2024cpueExPrior_0-bspm_estF,raw_epsp,4,48,-0.0437287428399086
0001-2024cpueExPrior_0-bspm_estF,raw_epsp,4,49,0.00339353146140446
0001-2024cpueExPrior_0-bspm_estF,raw_epsp,4,50,-0.295078468304353
0001-2024cpueExPrior_0-bspm_estF,raw_epsp,4,51,0.189560543223508
0001-2024cpueExPrior_0-bspm_estF,raw_epsp,4,52,-0.337955951185319
0001-2024cpueExPrior_0-bspm_estF,raw_epsp,4,53,0.230945728714849
0001-2024cpueExPrior_0-bspm_estF,raw_epsp,4,54,-0.107969164688346
0001-2024cpueExPrior_0-bspm_estF,raw_epsp,4,55,-0.27886989328631
0001-2024cpueExPrior_0-bspm_estF,raw_epsp,4,56,0.236259473927683
0001-2024cpueExPrior_0-bspm_estF,raw_epsp,4,57,-0.176201692356526
0001-2024cpueExPrior_0-bspm_estF,raw_epsp,4,58,-0.213517693482715
0001-2024cpueExPrior_0-bspm_estF,raw_epsp,4,59,-0.0657631705335627
0001-2024cpueExPrior_0-bspm_estF,raw_epsp,4,60,-0.319588828871479
0001-2024cpueExPrior_0-bspm_estF,raw_epsp,4,61,0.320007722137345
0001-2024cpueExPrior_0-bspm_estF,raw_epsp,4,62,0.368333347260046
0001-2024cpueExPrior_0-bspm_estF,raw_epsp,4,63,0.387942820501368
0001-2024cpueExPrior_0-bspm_estF,raw_epsp,4,64,-0.0426364518859741
0001-2024cpueExPrior_0-bspm_estF,raw_epsp,4,65,0.409665287601045
0001-2024cpueExPrior_0-bspm_estF,raw_epsp,4,66,0.292784029284106
0001-2024cpueExPrior_0-bspm_estF,raw_epsp,4,67,0.418665789514501
0001-2024cpueExPrior_0-bspm_estF,raw_epsp,4,68,-0.292289753956448
0001-2024cpueExPrior_0-bspm_estF,raw_epsp,4,69,-0.504318358871138
0001-2024cpueExPrior_0-bspm_estF,raw_epsp,4,70,-0.185508022458474
0001-2024cpueExPrior_0-bspm_estF,raw_epsp,4,71,-0.332222007337186
0001-2024cpueExPrior_0-bspm_estF,raw_logsigmap,4,,0.195410373541867
0001-2024cpueExPrior_0-bspm_estF,raw_sigmao_add,4,,0.0972091834121479
0001-2024cpueExPrior_0-bspm_estF,raw_logshape,4,,-0.335990028962798
0001-2024cpueExPrior_0-bspm_estF,raw_sigmaf,4,,0.372077561676616
0001-2024cpueExPrior_0-bspm_estF,raw_F,4,1,0.291675594516042
0001-2024cpueExPrior_0-bspm_estF,raw_F,4,2,0.0410028474312988
0001-2024cpueExPrior_0-bspm_estF,raw_F,4,3,0.0677495609181642
0001-2024cpueExPrior_0-bspm_estF,raw_F,4,4,0.37225340203485
0001-2024cpueExPrior_0-bspm_estF,raw_F,4,5,0.387248307693167
0001-2024cpueExPrior_0-bspm_estF,raw_F,4,6,0.140246603139114
0001-2024cpueExPrior_0-bspm_estF,raw_F,4,7,0.0368861495511106
0001-2024cpueExPrior_0-bspm_estF,raw_F,4,8,0.163630893417399
0001-2024cpueExPrior_0-bspm_estF,raw_F,4,9,0.33664703189679
0001-2024cpueExPrior_0-bspm_estF,raw_F,4,10,0.151535455704297
0001-2024cpueExPrior_0-bspm_estF,raw_F,4,11,0.105580734999279
0001-2024cpueExPrior_0-bspm_estF,raw_F,4,12,0.57603386471484
0001-2024cpueExPrior_0-bspm_estF,raw_F,4,13,0.112530043283785
0001-2024cpueExPrior_0-bspm_estF,raw_F,4,14,0.130517369165099
0001-2024cpueExPrior_0-bspm_estF,raw_F,4,15,0.0426669661622143
0001-2024cpueExPrior_0-bspm_estF,raw_F,4,16,0.211501456775396
0001-2024cpueExPrior_0-bspm_estF,raw_F,4,17,0.10309230327228
0001-2024cpueExPrior_0-bspm_estF,raw_F,4,18,0.252141357191741
0001-2024cpueExPrior_0-bspm_estF,raw_F,4,19,0.0231014835318527
0001-2024cpueExPrior_0-bspm_estF,raw_F,4,20,0.48595789143292
0001-2024cpueExPrior_0-bspm_estF,raw_F,4,21,0.204187156225912
0001-2024cpueExPrior_0-bspm_estF,raw_F,4,22,0.0221297482393392
0001-2024cpueExPrior_0-bspm_estF,raw_F,4,23,0.129381520792855
0001-2024cpueExPrior_0-bspm_estF,raw_F,4,24,0.231158522738497
0001-2024cpueExPrior_0-bspm_estF,raw_F,4,25,0.0258780211272433
0001-2024cpueExPrior_0-bspm_estF,raw_F,4,26,0.144014390567629
0001-2024cpueExPrior_0-bspm_estF,raw_F,4,27,0.165321060756193
0001-2024cpueExPrior_0-bspm_estF,raw_F,4,28,0.194539482855979
0001-2024cpueExPrior_0-bspm_estF,raw_F,4,29,0.0920006618788097
0001-2024cpueExPrior_0-bspm_estF,raw_F,4,30,0.338382641216521
0001-2024cpueExPrior_0-bspm_estF,raw_F,4,31,0.153035076634961
0001-2024cpueExPrior_0-bspm_estF,raw_F,4,32,0.226895810452506
0001-2024cpueExPrior_0-bspm_estF,raw_F,4,33,0.303918637596591
0001-2024cpueExPrior_0-bspm_estF,raw_F,4,34,0.228231530897576
0001-2024cpueExPrior_0-bspm_estF,raw_F,4,35,0.00110167113075026
0001-2024cpueExPrior_0-bspm_estF,raw_F,4,36,0.303271245753422
0001-2024cpueExPrior_0-bspm_estF,raw_F,4,37,0.115832461750885
0001-2024cpueExPrior_0-bspm_estF,raw_F,4,38,0.0403188232580681
0001-2024cpueExPrior_0-bspm_estF,raw_F,4,39,0.0513143176188493
0001-2024cpueExPrior_0-bspm_estF,raw_F,4,40,0.290445419924846
0001-2024cpueExPrior_0-bspm_estF,raw_F,4,41,0.234154161857788
0001-2024cpueExPrior_0-bspm_estF,raw_F,4,42,0.321104248601603
0001-2024cpueExPrior_0-bspm_estF,raw_F,4,43,0.211843335728515
0001-2024cpueExPrior_0-bspm_estF,raw_F,4,44,0.508190620368896
0001-2024cpueExPrior_0-bspm_estF,raw_F,4,45,0.231468117671375
0001-2024cpueExPrior_0-bspm_estF,raw_F,4,46,0.17108077286345
0001-2024cpueExPrior_0-bspm_estF,raw_F,4,47,0.326066222318554
0001-2024cpueExPrior_0-bspm_estF,raw_F,4,48,0.33158818629101
0001-2024cpueExPrior_0-bspm_estF,raw_F,4,49,0.2800463314125
0001-2024cpueExPrior_0-bspm_estF,raw_F,4,50,0.0623734727325596
0001-2024cpueExPrior_0-bspm_estF,raw_F,4,51,0.650574792569637
0001-2024cpueExPrior_0-bspm_estF,raw_F,4,52,0.437189994030603
0001-2024cpueExPrior_0-bspm_estF,raw_F,4,53,0.0845729272887956
0001-2024cpueExPrior_0-bspm_estF,raw_F,4,54,0.101375074807331
0001-2024cpueExPrior_0-bspm_estF,raw_F,4,55,0.249744344126156
0001-2024cpueExPrior_0-bspm_estF,raw_F,4,56,0.0356122960880323
0001-2024cpueExPrior_0-bspm_estF,raw_F,4,57,0.0186347880192837
0001-2024cpueExPrior_0-bspm_estF,raw_F,4,58,0.374838267834296
0001-2024cpueExPrior_0-bspm_estF,raw_F,4,59,0.169096986724984
0001-2024cpueExPrior_0-bspm_estF,raw_F,4,60,0.0555686239700991
0001-2024cpueExPrior_0-bspm_estF,raw_F,4,61,0.00504513256477819
0001-2024cpueExPrior_0-bspm_estF,raw_F,4,62,0.361439714612597
0001-2024cpueExPrior_0-bspm_estF,raw_F,4,63,0.103855947826088
0001-2024cpueExPrior_0-bspm_estF,raw_F,4,64,0.292962725857637
0001-2024cpueExPrior_0-bspm_estF,raw_F,4,65,0.25318520990339
0001-2024cpueExPrior_0-bspm_estF,raw_F,4,66,0.304753492543093
0001-2024cpueExPrior_0-bspm_estF,raw_F,4,67,0.12559203881261
0001-2024cpueExPrior_0-bspm_estF,raw_F,4,68,0.285764844976856
0001-2024cpueExPrior_0-bspm_estF,raw_F,4,69,0.241860746385363
0001-2024cpueExPrior_0-bspm_estF,raw_F,4,70,0.0932005655155295
0001-2024cpueExPrior_0-bspm_estF,raw_logK,5,,0.00489103540665738
0001-2024cpueExPrior_0-bspm_estF,raw_logr,5,,-0.133120058364529
0001-2024cpueExPrior_0-bspm_estF,raw_epsp,5,1,-0.391452570056505
0001-2024cpueExPrior_0-bspm_estF,raw_epsp,5,2,0.0283422825648576
0001-2024cpueExPrior_0-bspm_estF,raw_epsp,5,3,-0.110212616767003
0001-2024cpueExPrior_0-bspm_estF,raw_epsp,5,4,-0.0695145402215504
0001-2024cpueExPrior_0-bspm_estF,raw_epsp,5,5,-0.00634575067997853
0001-2024cpueExPrior_0-bspm_estF,raw_epsp,5,6,-0.12999652969595
0001-2024cpueExPrior_0-bspm_estF,raw_epsp,5,7,-0.0754666688301255
0001-2024cpueExPrior_0-bspm_estF,raw_epsp,5,8,-0.149468430843951
0001-2024cpueExPrior_0-bspm_estF,raw_epsp,5,9,0.224073354576861
0001-2024cpueExPrior_0-bspm_estF,raw_epsp,5,10,0.295126650816858
0001-2024cpueExPrior_0-bspm_estF,raw_epsp,5,11,-0.19808130879218
0001-2024cpueExPrior_0-bspm_estF,raw_epsp,5,12,-0.0788495965032103
0001-2024cpueExPrior_0-bspm_estF,raw_epsp,5,13,0.50680225999885
0001-2024cpueExPrior_0-bspm_estF,raw_epsp,5,14,0.260794500024045
0001-2024cpueExPrior_0-bspm_estF,raw_epsp,5,15,-0.3127278262955
0001-2024cpueExPrior_0-bspm_estF,raw_epsp,5,16,-0.332488093573603
0001-2024cpueExPrior_0-bspm_estF,raw_epsp,5,17,0.271248633867597
0001-2024cpueExPrior_0-bspm_estF,raw_epsp,5,18,-0.0531376717929436
0001-2024cpueExPrior_0-bspm_estF,raw_epsp,5,19,-0.219652949802726
0001-2024cpueExPrior_0-bspm_estF,raw_epsp,5,20,0.363813889042306
0001-2024cpueExPrior_0-bspm_estF,raw_epsp,5,21,0.100012194839753
0001-2024cpueExPrior_0-bspm_estF,raw_epsp,5,22,-0.486343584441526
0001-2024cpueExPrior_0-bspm_estF,raw_epsp,5,23,0.461435616566399
0001-2024cpueExPrior_0-bspm_estF,raw_epsp,5,24,-0.0480416027643381
0001-2024cpueExPrior_0-bspm_estF,raw_epsp,5,25,0.086561078413063
0001-2024cpueExPrior_0-bspm_estF,raw_epsp,5,26,-0.0820487937970265
0001-2024cpueExPrior_0-bspm_estF,raw_epsp,5,27,0.334628175075459
0001-2024cpueExPrior_0-bspm_estF,raw_epsp,5,28,0.0487042212169921
0001-2024cpueExPrior_0-bspm_estF,raw_epsp,5,29,-0.0279734885642941
0001-2024cpueExPrior_0-bspm_estF,raw_epsp,5,30,0.00580884057625101
0001-2024cpueExPrior_0-bspm_estF,raw_epsp,5,31,-0.123160561668063
0001-2024cpueExPrior_0-bspm_estF,raw_epsp,5,32,-0.349847617614339
0001-2024cpueExPrior_0-bspm_estF,raw_epsp,5,33,0.11310092566595
0001-2024cpueExPrior_0-bspm_estF,raw_epsp,5,34,-0.124559319544668
0001-2024cpueExPrior_0-bspm_estF,raw_epsp,5,35,-0.0552544709589129
0001-2024cpueExPrior_0-bspm_estF,raw_epsp,5,36,0.143064885790561
0001-2024cpueExPrior_0-bspm_estF,raw_epsp,5,37,-0.45245733483953
0001-2024cpueExPrior_0-bspm_estF,raw_epsp,5,38,0.0447228153484454
0001-2024cpueExPrior_0-bspm_estF,raw_epsp,5,39,0.161707214659049
0001-2024cpueExPrior_0-bspm_estF,raw_epsp,5,40,0.0487289031368148
0001-2024cpueExPrior_0-bspm_estF,raw_epsp,5,41,-0.246251121595317
0001-2024cpueExPrior_0-bspm_estF,raw_epsp,5,42,0.0430549984872092
0001-2024cpueExPrior_0-bspm_estF,raw_epsp,5,43,0.248835032691657
0001-2024cpueExPrior_0-bspm_estF,raw_epsp,5,44,0.045794067833359
0001-2024cpueExPrior_0-bspm_estF,raw_epsp,5,45,0.36974969813634
0001-2024cpueExPrior_0-bspm_estF,raw_epsp,5,46,0.0458695056673808
0001-2024cpueExPrior_0-bspm_estF,raw_epsp,5,47,-0.262252510372218
0001-2024cpueExPrior_0-bspm_estF,raw_epsp,5,48,-0.0947229625662786
0001-2024cpueExPrior_0-bspm_estF,raw_epsp,5,49,0.27388438652089
0001-2024cpueExPrior_0-bspm_estF,raw_epsp,5,50,-0.133465320367191
0001-2024cpueExPrior_0-bspm_estF,raw_epsp,5,51,-0.427452954180419
0001-2024cpueExPrior_0-bspm_estF,raw_epsp,5,52,0.0620236764245733
0001-2024cpueExPrior_0-bspm_estF,raw_epsp,5,53,0.179508905013398
0001-2024cpueExPrior_0-bspm_estF,raw_epsp,5,54,-0.367637521320835
0001-2024cpueExPrior_0-bspm_estF,raw_epsp,5,55,-0.371591289264681
0001-2024cpueExPrior_0-bspm_estF,raw_epsp,5,56,0.367247661748289
0001-2024cpueExPrior_0-bspm_estF,raw_epsp,5,57,-0.108731772839128
0001-2024cpueExPrior_0-bspm_estF,raw_epsp,5,58,-0.0609249000318374
0001-2024cpueExPrior_0-bspm_estF,raw_epsp,5,59,-0.279055368468735
0001-2024cpueExPrior_0-bspm_estF,raw_epsp,5,60,0.293341162612189
0001-2024cpueExPrior_0-bspm_estF,raw_epsp,5,61,0.260193762195893
0001-2024cpueExPrior_0-bspm_estF,raw_epsp,5,62,0.246837827378407
0001-2024cpueExPrior_0-bspm_estF,raw_epsp,5,63,0.39638385595422
0001-2024cpueExPrior_0-bspm_estF,raw_epsp,5,64,-0.262668131668028
0001-2024cpueExPrior_0-bspm_estF,raw_epsp,5,65,-0.249657151214409
0001-2024cpueExPrior_0-bspm_estF,raw_epsp,5,66,0.0240053444374708
0001-2024cpueExPrior_0-bspm_estF,raw_epsp,5,67,-0.0161162122709666
0001-2024cpueExPrior_0-bspm_estF,raw_epsp,5,68,-0.170508305125996
0001-2024cpueExPrior_0-bspm_estF,raw_epsp,5,69,0.044341596836644
0001-2024cpueExPrior_0-bspm_estF,raw_epsp,5,70,-0.0156553234357019
0001-2024cpueExPrior_0-bspm_estF,raw_epsp,5,71,0.372472498927741
0001-2024cpueExPrior_0-bspm_estF,raw_logsigmap,5,,0.240584824602373
0001-2024cpueExPrior_0-bspm_estF,raw_sigmao_add,5,,0.0547216380975097
0001-2024cpueExPrior_0-bspm_estF,raw_logshape,5,,0.00346207301517546
0001-2024cpueExPrior_0-bspm_estF,raw_sigmaf,5,,0.245426797846527
0001-2024cpueExPrior_0-bspm_estF,raw_F,5,1,0.249481478791561
0001-2024cpueExPrior_0-bspm_estF,raw_F,5,2,0.124945455873812
0001-2024cpueExPrior_0-bspm_estF,raw_F,5,3,0.133866403700502
0001-2024cpueExPrior_0-bspm_estF,raw_F,5,4,0.222638653055301
0001-2024cpueExPrior_0-bspm_estF,raw_F,5,5,0.292732699259555
0001-2024cpueExPrior_0-bspm_estF,raw_F,5,6,0.0324715792428444
0001-2024cpueExPrior_0-bspm_estF,raw_F,5,7,0.288944223116537
0001-2024cpueExPrior_0-bspm_estF,raw_F,5,8,0.195086796395051
0001-2024cpueExPrior_0-bspm_estF,raw_F,5,9,0.189178059749126
0001-2024cpueExPrior_0-bspm_estF,raw_F,5,10,0.116818501074348
0001-2024cpueExPrior_0-bspm_estF,raw_F,5,11,0.101006521303814
0001-2024cpueExPrior_0-bspm_estF,raw_F,5,12,0.267133964304199
0001-2024cpueExPrior_0-bspm_estF,raw_F,5,13,0.0086662822042609
0001-2024cpueExPrior_0-bspm_estF,raw_F,5,14,0.0769238042469492
0001-2024cpueExPrior_0-bspm_estF,raw_F,5,15,0.265153902571247
0001-2024cpueExPrior_0-bspm_estF,raw_F,5,16,0.103710322221409
0001-2024cpueExPrior_0-bspm_estF,raw_F,5,17,0.0319487591280936
0001-2024cpueExPrior_0-bspm_estF,raw_F,5,18,0.149562543538676
0001-2024cpueExPrior_0-bspm_estF,raw_F,5,19,0.153809451205848
0001-2024cpueExPrior_0-bspm_estF,raw_F,5,20,0.0625905976093306
0001-2024cpueExPrior_0-bspm_estF,raw_F,5,21,0.185778010440843
0001-2024cpueExPrior_0-bspm_estF,raw_F,5,22,0.053316359272337
0001-2024cpueExPrior_0-bspm_estF,raw_F,5,23,0.0623210679695968
0001-2024cpueExPrior_0-bspm_estF,raw_F,5,24,0.137728202103387
0001-2024cpueExPrior_0-bspm_estF,raw_F,5,25,0.386971496245838
0001-2024cpueExPrior_0-bspm_estF,raw_F,5,26,0.299183153412409
0001-2024cpueExPrior_0-bspm_estF,raw_F,5,27,0.0260000239367431
0001-2024cpueExPrior_0-bspm_estF,raw_F,5,28,0.0690419763187538
0001-2024cpueExPrior_0-bspm_estF,raw_F,5,29,0.0476130052381408
0001-2024cpueExPrior_0-bspm_estF,raw_F,5,30,0.257522076415284
0001-2024cpueExPrior_0-bspm_estF,raw_F,5,31,0.0266798912640297
0001-2024cpueExPrior_0-bspm_estF,raw_F,5,32,0.236331377603286
0001-2024cpueExPrior_0-bspm_estF,raw_F,5,33,0.241756272757635
0001-2024cpueExPrior_0-bspm_estF,raw_F,5,34,0.0680372235419376
0001-2024cpueExPrior_0-bspm_estF,raw_F,5,35,0.406218748900734
0001-2024cpueExPrior_0-bspm_estF,raw_F,5,36,0.0518764270081587
0001-2024cpueExPrior_0-bspm_estF,raw_F,5,37,0.0874533051302707
0001-2024cpueExPrior_0-bspm_estF,raw_F,5,38,0.397377168638988
0001-2024cpueExPrior_0-bspm_estF,raw_F,5,39,0.225073784286017
0001-2024cpueExPrior_0-bspm_estF,raw_F,5,40,0.0647176211413287
0001-2024cpueExPrior_0-bspm_estF,raw_F,5,41,0.0812433552458053
0001-2024cpueExPrior_0-bspm_estF,raw_F,5,42,0.217483547946623
0001-2024cpueExPrior_0-bspm_estF,raw_F,5,43,0.00360463737263477
0001-2024cpueExPrior_0-bspm_estF,raw_F,5,44,0.39831178845754
0001-2024cpueExPrior_0-bspm_estF,raw_F,5,45,0.122818998438741
0001-2024cpueExPrior_0-bspm_estF,raw_F,5,46,0.0175419892051844
0001-2024cpueExPrior_0-bspm_estF,raw_F,5,47,0.0633941328618201
0001-2024cpueExPrior_0-bspm_estF,raw_F,5,48,0.323465596365008
0001-2024cpueExPrior_0-bspm_estF,raw_F,5,49,0.110088601790428
0001-2024cpueExPrior_0-bspm_estF,raw_F,5,50,0.152151023417387
0001-2024cpueExPrior_0-bspm_estF,raw_F,5,51,0.377440876036106
0001-2024cpueExPrior_0-bspm_estF,raw_F,5,52,0.0298051972722849
0001-2024cpueExPrior_0-bspm_estF,raw_F,5,53,0.137833285474586
0001-2024cpueExPrior_0-bspm_estF,raw_F,5,54,0.195435987687166
0001-2024cpueExPrior_0-bspm_estF,raw_F,5,55,0.308556719254253
0001-2024cpueExPrior_0-bspm_estF,raw_F,5,56,0.126260250433888
0001-2024cpueExPrior_0-bspm_estF,raw_F,5,57,0.0853283915962755
0001-2024cpueExPrior_0-bspm_estF,raw_F,5,58,0.090078660711819
0001-2024cpueExPrior_0-bspm_estF,raw_F,5,59,0.136173449221648
0001-2024cpueExPrior_0-bspm_estF,raw_F,5,60,0.14130340701922
0001-2024cpueExPrior_0-bspm_estF,raw_F,5,61,0.329001394553219
0001-2024cpueExPrior_0-bspm_estF,raw_F,5,62,0.220472197673778
0001-2024cpueExPrior_0-bspm_estF,raw_F,5,63,0.0428235473584668
0001-2024cpueExPrior_0-bspm_estF,raw_F,5,64,0.279261956270916
0001-2024cpueExPrior_0-bspm_estF,raw_F,5,65,0.400545600398302
0001-2024cpueExPrior_0-bspm_estF,raw_F,5,66,0.0162727345832571
0001-2024cpueExPrior_0-bspm_estF,raw_F,5,67,0.00152133806660257
0001-2024cpueExPrior_0-bspm_estF,raw_F,5,68,0.466911664106252
0001-2024cpueExPrior_0-bspm_estF,raw_F,5,69,0.237549910504579
0001-2024cpueExPrior_0-bspm_estF,raw_F,5,70,0.274420540995706
